Zeng_cluster,Macosko_cluster,p_value,Macokso_marker_size,Zeng_marker_size
5023,CholEx_Hmx2_A2m,1.6011123267262136e-07,4.0,4.0
3286,CholEx_Hmx3_Grpr,4.003158422803956e-08,3.0,3.0
2879,CholEx_Irx2_Slc43a3_4,8.00606510234552e-08,3.0,4.0
2880,CholEx_Irx2_Slc43a3_4,8.00606510234552e-08,3.0,4.0
2884,CholEx_Irx2_Slc43a3_4,1.3343022265138534e-07,3.0,5.0
1903,CholEx_Irx4_Matn1,2.0013904039551817e-07,3.0,6.0
3689,CholEx_Lhx9_Crabp1,1.3344280981450513e-08,2.0,3.0
2365,CholEx_Nkx2-4_Hmcn1_1,8.00606510234552e-08,4.0,3.0
24596,CholEx_Pax2_Crabp1_2,4.003158422803956e-08,3.0,3.0
3897,CholEx_Phox2a_Npy4r,4.003158422803956e-08,3.0,3.0
774,Chol_Ecel1_Gm7271,8.00606510234552e-08,3.0,4.0
891,Chol_Ecel1_Nid1,8.00606510234552e-08,3.0,4.0
1041,Chol_Tbx20_Fst_1,2.0013904039551817e-07,3.0,6.0
3894,Chol_Tbx20_S100a11_3,4.003158422803956e-08,3.0,3.0
1634,Chol_Tbx20_S100a11_4,2.6688561962901027e-08,2.0,4.0
4607,Chol_Tbx20_S100a11_4,2.6688561962901027e-08,2.0,4.0
2413,DopEx_Calb1_Col14a1,8.00606510234552e-08,4.0,3.0
2789,DopEx_Calb1_Ggta1,8.00606510234552e-08,3.0,4.0
2393,DopEx_Calb1_Lpl_1,4.003158422803956e-08,3.0,3.0
2413,DopEx_Calb1_Lpl_1,4.003158422803956e-08,3.0,3.0
977,Ex_Abi3bp_Hcrtr2,4.003158422803956e-08,3.0,3.0
24472,Ex_C1ql2_Glp1r,6.29269105954576e-11,5.0,5.0
4694,Ex_C1ql2_Glp1r,2.668352727575654e-07,5.0,4.0
3510,Ex_C1ql2_Pmfbp1,7.469978074418258e-07,4.0,8.0
3522,Ex_C1ql2_Pmfbp1,2.668352727575654e-07,4.0,5.0
5045,Ex_C1ql2_Pmfbp1,5.602835934044848e-07,4.0,7.0
300,Ex_C1ql4_Art4,8.00606510234552e-08,4.0,3.0
4750,Ex_C1ql4_Asb4,8.00606510234552e-08,3.0,4.0
3120,Ex_C1ql4_Calcr_2,8.00606510234552e-08,4.0,3.0
3864,Ex_C1ql4_Cpne7_1,4.003158422803956e-08,3.0,3.0
2648,Ex_C1ql4_Crispld2_1,1.3344280981450513e-08,3.0,2.0
3271,Ex_C1ql4_Gucy2c,8.00606510234552e-08,3.0,4.0
3342,Ex_C1ql4_Gucy2c,4.003158422803956e-08,3.0,3.0
24527,Ex_C1ql4_Islr2_1,8.00606510234552e-08,4.0,3.0
4720,Ex_C1ql4_Kcne4_1,8.00606510234552e-08,3.0,4.0
4634,Ex_C1ql4_Mdfic2_1,8.00606510234552e-08,4.0,3.0
4914,Ex_C1ql4_Mdfic2_1,2.668352727575654e-07,4.0,5.0
4697,Ex_C1ql4_Mettl24,2.668352727575654e-07,5.0,4.0
4750,Ex_C1ql4_Mettl24,2.668352727575654e-07,5.0,4.0
3434,Ex_C1ql4_Nts,8.00606510234552e-08,4.0,3.0
24573,Ex_C1ql4_Olfr48,8.00606510234552e-08,3.0,4.0
4706,Ex_C1ql4_Olfr48,8.00606510234552e-08,3.0,4.0
4921,Ex_C1ql4_Olfr48,8.00606510234552e-08,3.0,4.0
1722,Ex_C1ql4_Pappa,8.00606510234552e-08,3.0,4.0
2646,Ex_C1ql4_Prdm6,2.0013904039551817e-07,3.0,6.0
2654,Ex_C1ql4_Prdm6,8.00606510234552e-08,3.0,4.0
4718,Ex_C1ql4_Prph,1.6011123267262136e-07,4.0,4.0
4719,Ex_C1ql4_Prph,1.6011123267262136e-07,4.0,4.0
4720,Ex_C1ql4_Prph,1.6011123267262136e-07,4.0,4.0
4718,Ex_C1ql4_Rgcc_1,2.668352727575654e-07,5.0,4.0
4720,Ex_C1ql4_Rgcc_1,2.668352727575654e-07,5.0,4.0
4719,Ex_C1ql4_Rgcc_2,2.668352727575654e-07,5.0,4.0
24578,Ex_C1ql4_Rgcc_4,2.668352727575654e-07,5.0,4.0
5411,Ex_C1ql4_Rgcc_4,2.668352727575654e-07,5.0,4.0
4694,Ex_C1ql4_Serpina3g,2.668352727575654e-07,5.0,4.0
4706,Ex_C1ql4_Svep1,1.6011123267262136e-07,4.0,4.0
4710,Ex_C1ql4_Svep1,8.00606510234552e-08,4.0,3.0
4748,Ex_C1ql4_Svep1,1.6011123267262136e-07,4.0,4.0
4752,Ex_C1ql4_Svep1,8.00606510234552e-08,4.0,3.0
24534,Ex_C1ql4_Tac1,8.00606510234552e-08,4.0,3.0
4718,Ex_C1ql4_Tac1,1.6011123267262136e-07,4.0,4.0
4751,Ex_C1ql4_Tac1,1.6011123267262136e-07,4.0,4.0
4756,Ex_C1ql4_Teddm3_1,4.003158422803956e-08,3.0,3.0
2643,Ex_C1ql4_Tgm6_3,1.3343022265138534e-07,5.0,3.0
2658,Ex_C1ql4_Tgm6_3,2.668352727575654e-07,5.0,4.0
2669,Ex_C1ql4_Tgm6_3,2.668352727575654e-07,5.0,4.0
2654,Ex_C1ql4_Thbs4,8.00606510234552e-08,3.0,4.0
2432,Ex_C1ql4_Trhr_3,1.6011123267262136e-07,4.0,4.0
34186,Ex_C1ql4_Trhr_3,8.00606510234552e-08,4.0,3.0
3514,Ex_C1ql4_Trhr_5,2.668352727575654e-07,5.0,4.0
4494,Ex_C1ql4_Trhr_5,6.669623325249725e-07,5.0,6.0
110,Ex_Ccn2_Nmbr_3,6.669623325249725e-07,5.0,6.0
4126,Ex_Ccn2_Nmbr_4,4.44683503322212e-07,5.0,5.0
111,Ex_Ccn2_Prph,1.2447614684668015e-06,5.0,8.0
152,Ex_Ccn2_Prph,4.44683503322212e-07,5.0,5.0
192,Ex_Ccn2_Prph,1.2447614684668015e-06,5.0,8.0
24727,Ex_Ccn3_Fezf2_Cd36,4.002277374816599e-07,4.0,6.0
4745,Ex_Ccn3_Slc30a3_Dcn_1,2.668352727575654e-07,5.0,4.0
164,Ex_Ccn3_Slc30a3_Fanci,2.668352727575654e-07,4.0,5.0
289,Ex_Ccn3_Slc30a3_Fanci,1.6011123267262136e-07,4.0,4.0
194,Ex_Ccn3_Slc30a3_Grp,1.6011123267262136e-07,4.0,4.0
481,Ex_Cyp26b1_Slc30a3_Ptprc_1,2.668352727575654e-07,4.0,5.0
4903,Ex_Dach2_Arhgap36_1,8.00606510234552e-08,3.0,4.0
4862,Ex_Dach2_Arhgap36_3,6.293581559897426e-13,3.0,3.0
422,Ex_Dcn_Grik3,2.668352727575654e-07,5.0,4.0
3510,Ex_Defb1_Arhgap36,1.2447614684668015e-06,5.0,8.0
4509,Ex_Defb1_Arhgap36,2.668352727575654e-07,5.0,4.0
4935,Ex_Defb1_Bhlhe23_1,1.6011123267262136e-07,4.0,4.0
3537,Ex_Defb1_Cnga3,8.00606510234552e-08,3.0,4.0
1722,Ex_Defb1_Ldoc1_1,2.668352727575654e-07,5.0,4.0
106,Ex_Defb1_Zic2,4.44683503322212e-07,5.0,5.0
795,Ex_Dlk1_Nms,8.00606510234552e-08,3.0,4.0
1435,Ex_Dmrta2_Bmp3_1,2.668352727575654e-07,4.0,5.0
2520,Ex_Dmrta2_Bmp3_1,8.00606510234552e-08,4.0,3.0
2356,Ex_Dmrta2_Chat_2,1.3344280981450513e-08,3.0,2.0
1643,Ex_Dmrta2_Chodl_1,4.448093660483505e-08,5.0,2.0
1143,Ex_Dmrta2_Chrna6_2,1.6011123267262136e-07,4.0,4.0
3422,Ex_Dmrta2_Col6a6_2,1.3343022265138534e-07,5.0,3.0
3612,Ex_Dmrta2_Gm7271,1.6011123267262136e-07,4.0,4.0
2200,Ex_Dmrta2_Greb1_1,8.00606510234552e-08,4.0,3.0
2213,Ex_Dmrta2_Greb1_1,2.668352727575654e-07,4.0,5.0
2362,Ex_Dmrta2_Greb1_1,8.00606510234552e-08,4.0,3.0
5001,Ex_Dmrta2_Greb1_1,4.002277374816599e-07,4.0,6.0
714,Ex_Dmrta2_Itga4,4.002277374816599e-07,4.0,6.0
2200,Ex_Dmrta2_Lhx1_3,2.0013904039551817e-07,6.0,3.0
2213,Ex_Dmrta2_Lhx1_3,6.669623325249725e-07,6.0,5.0
2362,Ex_Dmrta2_Lhx1_3,2.0013904039551817e-07,6.0,3.0
2200,Ex_Dmrta2_Lhx1_4,8.00606510234552e-08,4.0,3.0
2213,Ex_Dmrta2_Lhx1_4,2.668352727575654e-07,4.0,5.0
2362,Ex_Dmrta2_Lhx1_4,8.00606510234552e-08,4.0,3.0
2682,Ex_Dmrta2_Lhx1_5,8.00606510234552e-08,4.0,3.0
4780,Ex_Dmrta2_Lhx1_6,3.7356937936714357e-07,3.0,8.0
2150,Ex_Dmrta2_Nmu,4.4480936604835055e-09,2.0,2.0
1454,Ex_Dmrta2_Prkcq_1,1.3343022265138534e-07,5.0,3.0
260,Ex_Dmrta2_Prkcq_1,4.44683503322212e-07,5.0,5.0
1213,Ex_Dmrta2_Prkcq_3,4.002277374816599e-07,6.0,4.0
2241,Ex_Dmrta2_Prkcq_6,8.00606510234552e-08,3.0,4.0
3190,Ex_Dmrta2_Rxfp2_2,2.6688561962901027e-08,4.0,2.0
4942,Ex_Dmrta2_Rxfp2_2,2.6688561962901027e-08,4.0,2.0
3764,Ex_Dmrta2_Slc26a7,1.3344280981450513e-08,2.0,3.0
4222,Ex_Ebf2_4930469K13Rik_1,1.6011123267262136e-07,4.0,4.0
4240,Ex_Ebf2_6430628N08Rik_1,4.002277374816599e-07,4.0,6.0
4355,Ex_Ebf2_6430628N08Rik_2,8.00606510234552e-08,4.0,3.0
4222,Ex_Ebf2_Abcc9_2,8.00606510234552e-08,3.0,4.0
3465,Ex_Ebf2_Antxr2,8.00606510234552e-08,4.0,3.0
4558,Ex_Ebf2_Atp8b1,2.444375219040734e-06,5.0,11.0
4609,Ex_Ebf2_Atp8b1,4.44683503322212e-07,5.0,5.0
4614,Ex_Ebf2_Atp8b1,6.669623325249725e-07,5.0,6.0
4861,Ex_Ebf2_Bhlhe23,8.00606510234552e-08,3.0,4.0
4616,Ex_Ebf2_Bmp6,2.668352727575654e-07,4.0,5.0
4722,Ex_Ebf2_C1ql2_2,1.3343022265138534e-07,5.0,3.0
4951,Ex_Ebf2_C1ql2_2,2.668352727575654e-07,5.0,4.0
4589,Ex_Ebf2_C1ql2_3,2.0013904039551817e-07,6.0,3.0
1691,Ex_Ebf2_C1ql2_6,1.3343022265138534e-07,5.0,3.0
24472,Ex_Ebf2_C1ql2_6,4.44683503322212e-07,5.0,5.0
4335,Ex_Ebf2_C1qtnf7_1,1.3344280981450513e-08,3.0,2.0
388,Ex_Ebf2_C1qtnf7_2,8.00606510234552e-08,4.0,3.0
4912,Ex_Ebf2_Fam83f,1.3343022265138534e-07,3.0,5.0
4333,Ex_Ebf2_Fer1l6_5,4.448093660483505e-08,5.0,2.0
4362,Ex_Ebf2_Galnt3,4.002277374816599e-07,4.0,6.0
2723,Ex_Ebf2_Gask1b_1,1.6011123267262136e-07,4.0,4.0
4881,Ex_Ebf2_Ghrh_1,2.0013904039551817e-07,6.0,3.0
590,Ex_Ebf2_Glp1r_1,4.002277374816599e-07,4.0,6.0
762,Ex_Ebf2_Glp1r_1,1.6011123267262136e-07,4.0,4.0
4641,Ex_Ebf2_Gpsm3_1,9.336591803261916e-07,5.0,7.0
4815,Ex_Ebf2_Gpsm3_1,1.3343022265138534e-07,5.0,3.0
3402,Ex_Ebf2_Gpsm3_2,8.00606510234552e-08,4.0,3.0
4850,Ex_Ebf2_Grp,1.6011123267262136e-07,4.0,4.0
475,Ex_Ebf2_Gzmk_1,2.668352727575654e-07,5.0,4.0
366,Ex_Ebf2_Gzmk_2,4.44683503322212e-07,5.0,5.0
4547,Ex_Ebf2_Iigp1_1,1.3343022265138534e-07,3.0,5.0
5045,Ex_Ebf2_Iigp1_2,5.602835934044848e-07,4.0,7.0
1516,Ex_Ebf2_Il15_2,4.44683503322212e-07,5.0,5.0
2558,Ex_Ebf2_Layn,1.6011123267262136e-07,4.0,4.0
4305,Ex_Ebf2_Layn,2.6688561962901027e-08,4.0,2.0
1737,Ex_Ebf2_Ltbp1_2,1.6011123267262136e-07,4.0,4.0
2729,Ex_Ebf2_Ltbp1_2,1.6011123267262136e-07,4.0,4.0
1858,Ex_Ebf2_Mafa_1,1.6011123267262136e-07,4.0,4.0
24534,Ex_Ebf2_Met,4.003158422803956e-08,3.0,3.0
628,Ex_Ebf2_Mybpc1,8.00606510234552e-08,3.0,4.0
4916,Ex_Ebf2_Nek11_2,2.6688561962901027e-08,2.0,4.0
4633,Ex_Ebf2_Npffr2_1,9.336591803261916e-07,5.0,7.0
4944,Ex_Ebf2_Npffr2_1,2.668352727575654e-07,5.0,4.0
4640,Ex_Ebf2_Npffr2_2,8.00606510234552e-08,4.0,3.0
1995,Ex_Ebf2_Nr5a2_2,1.3343022265138534e-07,5.0,3.0
4236,Ex_Ebf2_Olfr273_2,8.00606510234552e-08,3.0,4.0
79,Ex_Ebf2_Pla2g5_7,1.3343022265138534e-07,3.0,5.0
81,Ex_Ebf2_Pla2g5_7,1.3343022265138534e-07,3.0,5.0
24578,Ex_Ebf2_Pmfbp1_1,2.668352727575654e-07,5.0,4.0
5411,Ex_Ebf2_Pmfbp1_1,2.668352727575654e-07,5.0,4.0
2115,Ex_Ebf2_Postn,4.003158422803956e-08,3.0,3.0
2870,Ex_Ebf2_Postn,1.3344280981450513e-08,3.0,2.0
15059,Ex_Ebf2_Prox1_Pou4f3,3.7356937936714357e-07,8.0,3.0
3458,Ex_Ebf2_Prox1_Pou4f3,7.469978074418258e-07,8.0,4.0
3799,Ex_Ebf2_Prox1_Pou4f3,1.2447614684668015e-06,8.0,5.0
4951,Ex_Ebf2_Prox1_Pou4f3,7.469978074418258e-07,8.0,4.0
4640,Ex_Ebf2_Slc5a7,8.00606510234552e-08,4.0,3.0
1975,Ex_Ebf2_Sox6,4.003158422803956e-08,3.0,3.0
2940,Ex_Ebf2_Sox6,1.3344280981450513e-08,3.0,2.0
3764,Ex_Ebf2_Sox6,4.003158422803956e-08,3.0,3.0
4093,Ex_Ebf2_Sox6,4.003158422803956e-08,3.0,3.0
4112,Ex_Ebf2_Sox6,1.3344280981450513e-08,3.0,2.0
4596,Ex_Ebf2_Sp5_8,2.668352727575654e-07,5.0,4.0
4815,Ex_Ebf2_Sp5_8,1.3343022265138534e-07,5.0,3.0
4816,Ex_Ebf2_Sp5_8,2.668352727575654e-07,5.0,4.0
4599,Ex_Ebf2_Spef2_1,8.00606510234552e-08,4.0,3.0
4604,Ex_Ebf2_Spef2_1,8.00606510234552e-08,4.0,3.0
5001,Ex_Ebf2_Spef2_1,4.002277374816599e-07,4.0,6.0
5136,Ex_Ebf2_Spef2_1,1.6011123267262136e-07,4.0,4.0
1031,Ex_Ebf2_Spef2_4,2.668352727575654e-07,4.0,5.0
1274,Ex_Ebf2_Spef2_4,1.6011123267262136e-07,4.0,4.0
1894,Ex_Ebf2_Spef2_4,1.6011123267262136e-07,4.0,4.0
4634,Ex_Ebf2_Spef2_4,8.00606510234552e-08,4.0,3.0
4914,Ex_Ebf2_Spef2_4,2.668352727575654e-07,4.0,5.0
4741,Ex_Ebf2_Spef2_7,4.44683503322212e-07,5.0,5.0
4916,Ex_Ebf2_Spef2_7,2.668352727575654e-07,5.0,4.0
1538,Ex_Ebf2_Tnc,1.6011123267262136e-07,4.0,4.0
2204,Ex_Ebf2_Vwce,8.00606510234552e-08,4.0,3.0
4298,Ex_Ebf3_Adam33_1,1.6011123267262136e-07,4.0,4.0
4259,Ex_Ebf3_Adam33_10,1.3343022265138534e-07,5.0,3.0
3701,Ex_Ebf3_Adam33_4,2.668352727575654e-07,5.0,4.0
4043,Ex_Ebf3_Adam33_4,1.3343022265138534e-07,5.0,3.0
4221,Ex_Ebf3_Dsc3,4.003158422803956e-08,3.0,3.0
2532,Ex_Emx2_Foxa2_2,2.668352727575654e-07,4.0,5.0
1070,Ex_Emx2_Pamr1,6.669623325249725e-07,5.0,6.0
1814,Ex_Emx2_Pamr1,2.668352727575654e-07,5.0,4.0
4404,Ex_Emx2_Pamr1,2.668352727575654e-07,5.0,4.0
24612,Ex_Evx1_Clec9a_2,8.00606510234552e-08,4.0,3.0
2656,Ex_Evx1_Clec9a_2,1.6011123267262136e-07,4.0,4.0
3679,Ex_Evx1_Evx2,1.3344280981450513e-08,3.0,2.0
1119,Ex_Evx1_Hsd17b2_1,4.44683503322212e-07,5.0,5.0
1904,Ex_Evx1_Hsd17b2_1,4.44683503322212e-07,5.0,5.0
624,Ex_Evx1_Hsd17b2_1,4.44683503322212e-07,5.0,5.0
2219,Ex_Evx1_Prkcq_3,4.003158422803956e-08,3.0,3.0
4958,Ex_Evx1_Prkcq_3,4.003158422803956e-08,3.0,3.0
2789,Ex_Evx2_Chrna2,1.6011123267262136e-07,4.0,4.0
4982,Ex_Evx2_Clec9a,4.003158422803956e-08,3.0,3.0
842,Ex_Evx2_Erfl_2,2.668352727575654e-07,4.0,5.0
3764,Ex_Evx2_Gulo,4.003158422803956e-08,3.0,3.0
4967,Ex_Evx2_Jaml,8.00606510234552e-08,3.0,4.0
2951,Ex_Evx2_Lmcd1_3,1.3344280981450513e-08,3.0,2.0
928,Ex_Evx2_Pkhd1l1,1.3343022265138534e-07,3.0,5.0
34328,Ex_Fam163a_Prdm6_3,4.003158422803956e-08,3.0,3.0
1920,Ex_Fam163a_Vip,8.00606510234552e-08,4.0,3.0
3724,Ex_Fam163a_Vip,2.6688561962901027e-08,4.0,2.0
1839,Ex_Fbxl7_Bnc2,8.00606510234552e-08,3.0,4.0
1840,Ex_Fbxl7_Bnc2,4.003158422803956e-08,3.0,3.0
4042,Ex_Fbxl7_Bnc2,4.003158422803956e-08,3.0,3.0
2507,Ex_Fezf1_Bnc2_2,4.4480936604835055e-09,2.0,2.0
407,Ex_Fezf2_C1ql2,1.3344280981450513e-08,3.0,2.0
347,Ex_Fezf2_C1qtnf7,2.6688561962901027e-08,4.0,2.0
470,Ex_Fezf2_C1qtnf7,1.6011123267262136e-07,4.0,4.0
711,Ex_Fezf2_Ccdc121,8.00606510234552e-08,4.0,3.0
1528,Ex_Fezf2_Cnksr3_C7,1.400268588628408e-06,7.0,6.0
338,Ex_Fezf2_Fn1_Mctp2,1.3344280981450513e-08,3.0,2.0
4683,Ex_Fezf2_Fn1_Mctp2,4.003158422803956e-08,3.0,3.0
422,Ex_Fezf2_Lhx9_2,2.668352727575654e-07,5.0,4.0
1103,Ex_Fezf2_Lhx9_3,1.2447614684668015e-06,5.0,8.0
348,Ex_Fibcd1_Apela_Ptpro,6.669623325249725e-07,5.0,6.0
364,Ex_Fibcd1_Apela_Ptpro,2.668352727575654e-07,5.0,4.0
5072,Ex_Fibcd1_Apela_Ptpro,4.44683503322212e-07,5.0,5.0
4923,Ex_Foxb1_Arhgef38_4,8.00606510234552e-08,3.0,4.0
2124,Ex_Foxb1_Moxd1,4.003158422803956e-08,3.0,3.0
2505,Ex_Foxb1_Shoc1,8.00606510234552e-08,3.0,4.0
3214,Ex_Gata3_Tgm6_2,1.3344280981450513e-08,2.0,3.0
3270,Ex_Gli3_Vwf,4.003158422803956e-08,3.0,3.0
4886,Ex_Gli3_Vwf,1.3343022265138534e-07,3.0,5.0
3649,Ex_Hmx2_Ppef1_4,4.003158422803956e-08,3.0,3.0
3734,Ex_Hmx2_Vip_2,2.668352727575654e-07,5.0,4.0
638,Ex_Hmx2_Vip_4,8.00606510234552e-08,3.0,4.0
3682,Ex_Hoxb5_Epsti1_1,1.3344280981450513e-08,3.0,2.0
4240,Ex_Hoxb5_Nostrin,2.0013904039551817e-07,3.0,6.0
4808,Ex_Hoxc6_Fam114a1,1.3343022265138534e-07,5.0,3.0
3820,Ex_Hoxc6_Prokr2,8.00606510234552e-08,4.0,3.0
1756,Ex_Hpgd_Cd24a_1,2.668352727575654e-07,5.0,4.0
4422,Ex_Hpgd_Cd24a_1,1.3343022265138534e-07,5.0,3.0
4553,Ex_Hpgd_Pik3c2g_2,8.00606510234552e-08,4.0,3.0
177,Ex_Hpgd_Pth2r_1,2.6130128609679163e-06,7.0,8.0
4777,Ex_Hpgd_Pth2r_3,8.00606510234552e-08,4.0,3.0
1317,Ex_Iqcj_Ms4a15_6,8.00606510234552e-08,3.0,4.0
1618,Ex_Irx2_Col2a1_3,2.668352727575654e-07,5.0,4.0
5101,Ex_Irx2_Galr1_1,6.669623325249725e-07,5.0,6.0
3864,Ex_Irx2_Proser2,8.00606510234552e-08,4.0,3.0
4921,Ex_Irx2_Proser2,1.6011123267262136e-07,4.0,4.0
1051,Ex_Irx2_Twist1_1,1.3343022265138534e-07,3.0,5.0
3174,Ex_Irx3_Ccdc192_3,2.668352727575654e-07,4.0,5.0
4704,Ex_Irx3_Ccdc192_3,8.00606510234552e-08,4.0,3.0
4721,Ex_Irx3_Ccdc192_6,6.669623325249725e-07,6.0,5.0
24472,Ex_Irx3_Ccdc192_7,2.668352727575654e-07,4.0,5.0
4694,Ex_Irx3_Ccdc192_7,1.6011123267262136e-07,4.0,4.0
4998,Ex_Irx3_Ccdc192_7,8.00606510234552e-08,4.0,3.0
4547,Ex_Irx3_Kcnj5_1,4.44683503322212e-07,5.0,5.0
1722,Ex_Irx3_Sostdc1,4.002277374816599e-07,6.0,4.0
80,Ex_Irx4_Slc17a8,1.3343022265138534e-07,3.0,5.0
247,Ex_Lef1_Gpr101,1.3344280981450513e-08,2.0,3.0
1514,Ex_Lhx2_Asb4,2.668352727575654e-07,4.0,5.0
4848,Ex_Lhx2_Asb4,8.00606510234552e-08,4.0,3.0
24717,Ex_Lhx2_Col5a2_2,8.00606510234552e-08,3.0,4.0
4837,Ex_Lhx2_Fn1,1.3344280981450513e-08,3.0,2.0
4422,Ex_Lhx2_Hgf_2,8.00606510234552e-08,4.0,3.0
2758,Ex_Lhx2_Il31ra_2,2.668352727575654e-07,4.0,5.0
516,Ex_Lhx2_Il31ra_2,4.002277374816599e-07,4.0,6.0
3275,Ex_Lhx2_Nek11_3,8.00606510234552e-08,4.0,3.0
4767,Ex_Lhx2_Nek11_3,2.6688561962901027e-08,4.0,2.0
1450,Ex_Lhx2_Pth2,1.6011123267262136e-07,4.0,4.0
1619,Ex_Lhx2_Pth2,1.6011123267262136e-07,4.0,4.0
4724,Ex_Lhx3_Tlcd1_1,4.003158422803956e-08,3.0,3.0
3929,Ex_Lhx3_Tspo2_2,1.3344280981450513e-08,3.0,2.0
3047,Ex_Lhx4_Gpr101_1,8.00606510234552e-08,4.0,3.0
3049,Ex_Lhx4_Gpr101_1,8.00606510234552e-08,4.0,3.0
391,Ex_Lhx4_Gpr101_1,2.6688561962901027e-08,4.0,2.0
3047,Ex_Lhx4_Gpr101_3,4.003158422803956e-08,3.0,3.0
3052,Ex_Lhx4_Gpr101_5,4.003158422803956e-08,3.0,3.0
4780,Ex_Lhx9_Adgrg2_1,1.9719222903941226e-09,8.0,8.0
4777,Ex_Lhx9_Adgrg2_4,8.00606510234552e-08,4.0,3.0
2629,Ex_Lhx9_Atp8b1_1,4.003158422803956e-08,3.0,3.0
1201,Ex_Lhx9_Atp8b1_2,2.0013904039551817e-07,3.0,6.0
2614,Ex_Lhx9_C1ql4,2.5174326239589706e-12,4.0,3.0
24533,Ex_Lhx9_Cd44,1.3343022265138534e-07,3.0,5.0
1490,Ex_Lhx9_Chrm1_1,1.3343022265138534e-07,3.0,5.0
4636,Ex_Lhx9_Igfbpl1_2,4.003158422803956e-08,3.0,3.0
1031,Ex_Lhx9_Npsr1_1,6.669623325249725e-07,6.0,5.0
1201,Ex_Lhx9_Npsr1_1,1.000317667226508e-06,6.0,6.0
1903,Ex_Lhx9_Npsr1_1,1.000317667226508e-06,6.0,6.0
1907,Ex_Lhx9_Npsr1_1,4.002277374816599e-07,6.0,4.0
2723,Ex_Lhx9_Npsr1_1,4.002277374816599e-07,6.0,4.0
950,Ex_Lhx9_Npsr1_1,6.669623325249725e-07,6.0,5.0
4801,Ex_Lhx9_Npsr1_2,1.3344280981450513e-08,3.0,2.0
1160,Ex_Lhx9_Nr5a2,4.002277374816599e-07,4.0,6.0
4852,Ex_Lhx9_Pkhd1,1.6011123267262136e-07,4.0,4.0
1148,Ex_Lhx9_Prok2,8.00606510234552e-08,3.0,4.0
1517,Ex_Lhx9_Qrfprl_2,2.668352727575654e-07,4.0,5.0
4856,Ex_Lhx9_Slc26a7_1,1.3344280981450513e-08,3.0,2.0
3692,Ex_Lhx9_Slc6a2_3,4.003158422803956e-08,3.0,3.0
3381,Ex_Lhx9_Slitrk6,5.602835934044848e-07,7.0,4.0
935,Ex_Lhx9_Slitrk6,9.336591803261916e-07,7.0,5.0
2233,Ex_Lmx1a_Abca8a_1,1.6011123267262136e-07,4.0,4.0
4706,Ex_Lmx1a_Abca8a_1,1.6011123267262136e-07,4.0,4.0
2378,Ex_Lmx1a_Bdnf_4,4.003158422803956e-08,3.0,3.0
2224,Ex_Lmx1a_Crh_Barhl1,8.00606510234552e-08,4.0,3.0
2242,Ex_Lmx1a_Crh_Barhl1,8.00606510234552e-08,4.0,3.0
4636,Ex_Lmx1a_Crhbp_5,4.003158422803956e-08,3.0,3.0
2359,Ex_Lmx1a_Csf2rb2_5,8.00606510234552e-08,4.0,3.0
3538,Ex_Lmx1a_Galnt3_2,8.00606510234552e-08,4.0,3.0
2305,Ex_Lmx1a_Grpr,8.00606510234552e-08,3.0,4.0
996,Ex_Lmx1a_H2-Q10_3,8.00606510234552e-08,3.0,4.0
2200,Ex_Lmx1a_Irx3_1,2.8018584553954155e-07,7.0,3.0
3796,Ex_Lmx1a_Irx3_7,1.6011123267262136e-07,4.0,4.0
4550,Ex_Lmx1a_Irx6_2,1.3343022265138534e-07,5.0,3.0
4607,Ex_Lmx1a_Irx6_2,2.668352727575654e-07,5.0,4.0
2203,Ex_Lmx1a_Irx6_3,1.3343022265138534e-07,5.0,3.0
2207,Ex_Lmx1a_Irx6_3,4.448093660483505e-08,5.0,2.0
2208,Ex_Lmx1a_Irx6_3,2.668352727575654e-07,5.0,4.0
538,Ex_Lmx1a_Irx6_3,6.669623325249725e-07,5.0,6.0
2239,Ex_Lmx1a_Itih5_2,1.6011123267262136e-07,4.0,4.0
2365,Ex_Lmx1a_Itih5_2,8.00606510234552e-08,4.0,3.0
3921,Ex_Lmx1a_Kcp_1,8.00606510234552e-08,4.0,3.0
2302,Ex_Lmx1a_Mab21l3,2.6688561962901027e-08,4.0,2.0
4816,Ex_Lmx1a_Mab21l3,1.6011123267262136e-07,4.0,4.0
1662,Ex_Lmx1a_Odad2_1,4.44683503322212e-07,5.0,5.0
3232,Ex_Lmx1a_Odad2_1,2.668352727575654e-07,5.0,4.0
2789,Ex_Lmx1a_Pkd1l1,8.00606510234552e-08,3.0,4.0
2543,Ex_Lmx1a_Wnt11,8.00606510234552e-08,3.0,4.0
2572,Ex_Lmx1a_Wnt11,8.00606510234552e-08,3.0,4.0
2724,Ex_Lmx1b_1110032F04Rik_1,4.002277374816599e-07,4.0,6.0
4362,Ex_Lmx1b_1110032F04Rik_1,4.002277374816599e-07,4.0,6.0
4358,Ex_Lmx1b_Aldh1a2_1,8.00606510234552e-08,4.0,3.0
4819,Ex_Lmx1b_Amelx,1.6011123267262136e-07,4.0,4.0
2798,Ex_Lmx1b_Arsj_1,8.00606510234552e-08,4.0,3.0
3479,Ex_Lmx1b_Arsj_1,1.6011123267262136e-07,4.0,4.0
3100,Ex_Lmx1b_Cd36_3,8.00606510234552e-08,3.0,4.0
34289,Ex_Lmx1b_Deup1_4,8.00606510234552e-08,4.0,3.0
4224,Ex_Lmx1b_Dynap_1,4.003158422803956e-08,3.0,3.0
4243,Ex_Lmx1b_Dynap_1,4.003158422803956e-08,3.0,3.0
4224,Ex_Lmx1b_Dynap_2,4.003158422803956e-08,3.0,3.0
4224,Ex_Lmx1b_Dynap_3,8.00606510234552e-08,4.0,3.0
4243,Ex_Lmx1b_Dynap_3,8.00606510234552e-08,4.0,3.0
4245,Ex_Lmx1b_Dynap_4,4.4480936604835055e-09,2.0,2.0
4224,Ex_Lmx1b_Dynap_6,4.003158422803956e-08,3.0,3.0
5008,Ex_Lmx1b_Esm1,4.44683503322212e-07,5.0,5.0
959,Ex_Lmx1b_Gm7271,5.602835934044848e-07,4.0,7.0
702,Ex_Lmx1b_Hmx2_1,1.3343022265138534e-07,3.0,5.0
1196,Ex_Lmx1b_Hmx2_3,8.00606510234552e-08,3.0,4.0
3192,Ex_Lmx1b_Hmx2_3,8.00606510234552e-08,3.0,4.0
1926,Ex_Lmx1b_Pou4f1_Arsj_1,8.00606510234552e-08,3.0,4.0
114,Ex_Lmx1b_Pou4f1_Arsj_2,8.00606510234552e-08,4.0,3.0
4838,Ex_Lmx1b_Scn5a_2,4.003158422803956e-08,3.0,3.0
1196,Ex_Lmx1b_Tll2_2,8.00606510234552e-08,3.0,4.0
1411,Ex_Lmx1b_Tll2_2,1.3343022265138534e-07,3.0,5.0
2723,Ex_Lmx1b_Tll2_2,8.00606510234552e-08,3.0,4.0
1106,Ex_Lmx1b_Tmem100_1,2.668352727575654e-07,4.0,5.0
4247,Ex_Lmx1b_Tmem215,8.00606510234552e-08,4.0,3.0
2590,Ex_Lmx1b_Vmn1r206_2,2.668352727575654e-07,4.0,5.0
2428,Ex_Lmx1b_Wdr95,4.003158422803956e-08,3.0,3.0
5110,Ex_Lypd6b_Dipk1c_1,2.0013904039551817e-07,3.0,6.0
1903,Ex_Maff_Atf3_3,2.0013904039551817e-07,3.0,6.0
24472,Ex_Neurod6_Dnah11_2,4.44683503322212e-07,5.0,5.0
4558,Ex_Neurod6_Dnah11_2,2.444375219040734e-06,5.0,11.0
4850,Ex_Neurod6_Dnah11_3,1.6011123267262136e-07,4.0,4.0
5116,Ex_Neurod6_Dnah11_7,4.44683503322212e-07,5.0,5.0
182,Ex_Neurod6_E130114P18Rik,1.400268588628408e-06,6.0,7.0
1563,Ex_Neurod6_Pou4f3_1,4.003158422803956e-08,3.0,3.0
4886,Ex_Neurod6_Pou4f3_1,1.3343022265138534e-07,3.0,5.0
4864,Ex_Neurod6_Pou4f3_3,1.6011123267262136e-07,4.0,4.0
1031,Ex_Neurod6_Slc5a7,2.668352727575654e-07,4.0,5.0
182,Ex_Neurod6_Tgfbr2,9.336591803261916e-07,5.0,7.0
485,Ex_Neurod6_Tgfbr2,2.668352727575654e-07,5.0,4.0
486,Ex_Neurod6_Tgfbr2,2.668352727575654e-07,5.0,4.0
636,Ex_Nkx2-1_Pmch_2,1.3343022265138534e-07,3.0,5.0
2447,Ex_Nkx2-2_Grp_2,4.003158422803956e-08,3.0,3.0
2163,Ex_Nkx2-2_Robo3_1,1.3344280981450513e-08,3.0,2.0
2428,Ex_Nkx2-4_Calcr_10,4.003158422803956e-08,3.0,3.0
2291,Ex_Nkx2-4_Calcr_2,1.3343022265138534e-07,5.0,3.0
2440,Ex_Nkx2-4_Calcr_2,2.517254520528354e-11,5.0,4.0
4961,Ex_Nkx2-4_Calcr_2,1.3343022265138534e-07,5.0,3.0
2291,Ex_Nkx2-4_Calcr_3,8.00606510234552e-08,4.0,3.0
2440,Ex_Nkx2-4_Calcr_3,1.6011123267262136e-07,4.0,4.0
4961,Ex_Nkx2-4_Calcr_3,8.00606510234552e-08,4.0,3.0
1208,Ex_Nkx2-4_Calcr_4,1.6011123267262136e-07,4.0,4.0
2325,Ex_Nkx2-4_Cd44_3,4.002277374816599e-07,6.0,4.0
2450,Ex_Nkx2-4_Cdkn1c_2,1.6011123267262136e-07,4.0,4.0
3018,Ex_Nkx2-4_Grpr_2,1.6011123267262136e-07,4.0,4.0
4850,Ex_Nkx2-4_Svep1_1,1.6011123267262136e-07,4.0,4.0
4705,Ex_Nkx6-1_Foxd3_2,1.6011123267262136e-07,4.0,4.0
674,Ex_Nkx6-1_Foxd3_2,1.6011123267262136e-07,4.0,4.0
2161,Ex_Nkx6-1_Shisal2b,8.00606510234552e-08,3.0,4.0
2348,Ex_Nkx6-1_Shisal2b,1.3344280981450513e-08,3.0,2.0
4474,Ex_Nxph4_Arhgap36,8.00606510234552e-08,4.0,3.0
4557,Ex_Nxph4_Arhgap36,1.6011123267262136e-07,4.0,4.0
4559,Ex_Nxph4_Arhgap36,2.668352727575654e-07,4.0,5.0
4555,Ex_Nxph4_Chodl_1,2.668352727575654e-07,5.0,4.0
4570,Ex_Nxph4_Chodl_1,1.3343022265138534e-07,5.0,3.0
529,Ex_Nxph4_Crh,4.448093660483505e-08,5.0,2.0
4574,Ex_Nxph4_Ednra,8.00606510234552e-08,4.0,3.0
4906,Ex_Nxph4_Hpgd,8.00606510234552e-08,4.0,3.0
4757,Ex_Nxph4_Krt73,4.003158422803956e-08,3.0,3.0
27,Ex_Nxph4_Lman1l,1.6011123267262136e-07,4.0,4.0
138,Ex_Nxph4_Moxd1_Igfbp4,4.002277374816599e-07,4.0,6.0
4569,Ex_Nxph4_Pou4f2,2.0013904039551817e-07,6.0,3.0
4910,Ex_Nxph4_Pou4f2,4.002277374816599e-07,6.0,4.0
34,Ex_Nxph4_Ror1,2.668352727575654e-07,4.0,5.0
35,Ex_Nxph4_Ror1,1.6011123267262136e-07,4.0,4.0
4528,Ex_Nxph4_Twist1_2,1.6011123267262136e-07,4.0,4.0
201,Ex_Nxph4_Zar1l_1,2.668352727575654e-07,4.0,5.0
296,Ex_Nxph4_Zar1l_2,8.00606510234552e-08,4.0,3.0
4562,Ex_Nxph4_Zar1l_2,1.6011123267262136e-07,4.0,4.0
4557,Ex_Nxph4_Zar1l_3,8.00606510234552e-08,3.0,4.0
4558,Ex_Nxph4_Zar1l_3,7.337277657883017e-07,3.0,11.0
4596,Ex_Nxph4_Zar1l_3,8.00606510234552e-08,3.0,4.0
4665,Ex_Nxph4_Zar1l_3,8.00606510234552e-08,3.0,4.0
4705,Ex_Nxph4_Zar1l_3,8.00606510234552e-08,3.0,4.0
1106,Ex_Onecut3_Frem3_3,2.668352727575654e-07,4.0,5.0
1210,Ex_Onecut3_Frem3_3,1.6011123267262136e-07,4.0,4.0
2495,Ex_Onecut3_Frem3_3,1.6011123267262136e-07,4.0,4.0
15067,Ex_Onecut3_Frem3_4,1.6011123267262136e-07,4.0,4.0
4666,Ex_Onecut3_Pirt_3,8.00606510234552e-08,3.0,4.0
4247,Ex_Onecut3_Tnfaip8l3,4.003158422803956e-08,3.0,3.0
143,Ex_Oprk1_Col11a1,1.3344280981450513e-08,2.0,3.0
5143,Ex_PItx2_Cox4i2,1.6011123267262136e-07,4.0,4.0
2951,Ex_Pax2_C1ql4,2.6688561962901027e-08,4.0,2.0
3863,Ex_Pax2_C1ql4,2.668352727575654e-07,4.0,5.0
4072,Ex_Pax2_Erfl_3,1.3344280981450513e-08,3.0,2.0
3863,Ex_Pax2_Mafb_1,2.668352727575654e-07,4.0,5.0
2964,Ex_Pax2_Vcan,1.6011123267262136e-07,4.0,4.0
4881,Ex_Pax6_Avpr1a_1,4.003158422803956e-08,3.0,3.0
1665,Ex_Pax6_Gna14_1,1.6011123267262136e-07,4.0,4.0
1024,Ex_Pax6_Igfbpl1,1.6011123267262136e-07,4.0,4.0
15069,Ex_Pax6_Mtnr1a,2.668352727575654e-07,4.0,5.0
1665,Ex_Pax6_Otx1_2,1.6011123267262136e-07,4.0,4.0
1003,Ex_Pax6_Otx1_3,2.668352727575654e-07,5.0,4.0
1665,Ex_Pax6_Otx1_3,2.668352727575654e-07,5.0,4.0
1016,Ex_Pax6_Pappa2_1,1.3343022265138534e-07,5.0,3.0
5146,Ex_Pax6_Pappa2_1,2.668352727575654e-07,5.0,4.0
987,Ex_Pax6_Pappa2_1,2.668352727575654e-07,5.0,4.0
624,Ex_Pax6_Pappa2_2,2.668352727575654e-07,4.0,5.0
1755,Ex_Pax6_Pappa2_3,1.6011123267262136e-07,4.0,4.0
1850,Ex_Pax6_Pgr15l_1,8.00606510234552e-08,3.0,4.0
24561,Ex_Pax6_Pgr15l_2,1.3344280981450513e-08,3.0,2.0
1159,Ex_Pax6_Qrfprl_1,2.668352727575654e-07,4.0,5.0
1794,Ex_Pax6_Qrfprl_1,2.668352727575654e-07,4.0,5.0
1159,Ex_Pax6_Qrfprl_2,1.3343022265138534e-07,3.0,5.0
1437,Ex_Pax6_Slc5a7_1,2.668352727575654e-07,4.0,5.0
1128,Ex_Pax6_Them7,8.00606510234552e-08,4.0,3.0
2305,Ex_Pax6_Vgll3_2,1.6011123267262136e-07,4.0,4.0
2307,Ex_Pax6_Vgll3_2,1.6011123267262136e-07,4.0,4.0
4705,Ex_Pax6_Vgll3_2,1.6011123267262136e-07,4.0,4.0
3063,Ex_Pax8_Tnfrsf8,1.3344280981450513e-08,2.0,3.0
3068,Ex_Pax8_Tnfrsf8,1.3344280981450513e-08,2.0,3.0
126,Ex_Phox2a_Cyp26b1_1,1.6011123267262136e-07,4.0,4.0
1015,Ex_Phox2a_Cyp26b1_2,8.00606510234552e-08,3.0,4.0
1026,Ex_Phox2a_Cyp26b1_2,8.00606510234552e-08,3.0,4.0
3615,Ex_Phox2b_4930469K13Rik_1,4.003158422803956e-08,3.0,3.0
3884,Ex_Phox2b_4930469K13Rik_1,1.3344280981450513e-08,3.0,2.0
3909,Ex_Phox2b_Adam33_1,8.00606510234552e-08,4.0,3.0
3889,Ex_Phox2b_Adam33_3,1.0069374288974648e-11,4.0,4.0
3947,Ex_Phox2b_Adam33_3,8.00606510234552e-08,4.0,3.0
4321,Ex_Phox2b_Adam33_3,8.00606510234552e-08,4.0,3.0
3872,Ex_Phox2b_Adamtsl1_Col6a2,8.00606510234552e-08,4.0,3.0
3874,Ex_Phox2b_Adamtsl1_Col6a2,1.6011123267262136e-07,4.0,4.0
3777,Ex_Phox2b_Alkal2_1,1.3344280981450513e-08,3.0,2.0
15053,Ex_Phox2b_Alkal2_2,4.448093660483505e-08,5.0,2.0
4373,Ex_Phox2b_Alkal2_2,4.44683503322212e-07,5.0,5.0
1135,Ex_Phox2b_Bmp3_4,1.6011123267262136e-07,4.0,4.0
3909,Ex_Phox2b_Bmp3_4,8.00606510234552e-08,4.0,3.0
3260,Ex_Phox2b_Chodl,1.6011123267262136e-07,4.0,4.0
3889,Ex_Phox2b_Chrna5_1,8.00606510234552e-08,3.0,4.0
3889,Ex_Phox2b_Chrna5_2,1.6011123267262136e-07,4.0,4.0
1179,Ex_Phox2b_Cyp26b1_1,1.3343022265138534e-07,3.0,5.0
3898,Ex_Phox2b_Cyp26b1_1,8.00606510234552e-08,3.0,4.0
4019,Ex_Phox2b_Cyp26b1_1,4.003158422803956e-08,3.0,3.0
4321,Ex_Phox2b_Cyp26b1_2,4.003158422803956e-08,3.0,3.0
3918,Ex_Phox2b_Cyp39a1_Mdfic2_2,4.003158422803956e-08,3.0,3.0
3837,Ex_Phox2b_Cyp39a1_Mdfic2_4,1.3343022265138534e-07,5.0,3.0
5144,Ex_Phox2b_Cyp39a1_Mdfic2_4,1.3343022265138534e-07,5.0,3.0
3930,Ex_Phox2b_Cyp39a1_Mdfic2_5,8.00606510234552e-08,4.0,3.0
3896,Ex_Phox2b_Ddc,8.00606510234552e-08,3.0,4.0
1621,Ex_Phox2b_Dsc3_1,1.6011123267262136e-07,4.0,4.0
1622,Ex_Phox2b_Dsc3_1,8.00606510234552e-08,4.0,3.0
1849,Ex_Phox2b_Dsc3_1,1.6011123267262136e-07,4.0,4.0
4323,Ex_Phox2b_Dsc3_3,4.003158422803956e-08,3.0,3.0
4019,Ex_Phox2b_Frem2,4.003158422803956e-08,3.0,3.0
3909,Ex_Phox2b_Frzb,8.00606510234552e-08,4.0,3.0
752,Ex_Phox2b_Gda_1,4.003158422803956e-08,3.0,3.0
3684,Ex_Phox2b_Gda_2,4.003158422803956e-08,3.0,3.0
3872,Ex_Phox2b_Gdpd2,8.00606510234552e-08,4.0,3.0
3874,Ex_Phox2b_Gdpd2,1.6011123267262136e-07,4.0,4.0
4323,Ex_Phox2b_Igfbpl1_1,8.00606510234552e-08,4.0,3.0
3910,Ex_Phox2b_Igfbpl1_4,1.3343022265138534e-07,3.0,5.0
4322,Ex_Phox2b_Igfbpl1_4,8.00606510234552e-08,3.0,4.0
4320,Ex_Phox2b_Igfbpl1_5,4.003158422803956e-08,3.0,3.0
3909,Ex_Phox2b_Kcnj2_1,2.0013904039551817e-07,6.0,3.0
3919,Ex_Phox2b_Kcnj2_2,8.00606510234552e-08,4.0,3.0
3921,Ex_Phox2b_Mdfic2_1,4.003158422803956e-08,3.0,3.0
3932,Ex_Phox2b_Nmu,2.6688561962901027e-08,4.0,2.0
4664,Ex_Phox2b_Nmu,8.00606510234552e-08,4.0,3.0
3888,Ex_Phox2b_Npffr2_2,1.6011123267262136e-07,4.0,4.0
3912,Ex_Phox2b_Npffr2_2,8.00606510234552e-08,4.0,3.0
3913,Ex_Phox2b_Npffr2_2,8.00606510234552e-08,4.0,3.0
3888,Ex_Phox2b_Nr1h4_2,1.6011123267262136e-07,4.0,4.0
3913,Ex_Phox2b_Nr1h4_2,8.00606510234552e-08,4.0,3.0
3900,Ex_Phox2b_Nts_1,4.003158422803956e-08,3.0,3.0
3930,Ex_Phox2b_Nts_2,8.00606510234552e-08,4.0,3.0
4253,Ex_Phox2b_Olig3_5,4.003158422803956e-08,3.0,3.0
4149,Ex_Phox2b_Olig3_7,4.003158422803956e-08,3.0,3.0
4325,Ex_Phox2b_Olig3_7,4.003158422803956e-08,3.0,3.0
3919,Ex_Phox2b_Pdyn_1,8.00606510234552e-08,4.0,3.0
548,Ex_Phox2b_Prok1,5.602835934044848e-07,4.0,7.0
3903,Ex_Phox2b_Shisa3,8.00606510234552e-08,3.0,4.0
3911,Ex_Phox2b_Six2_3,8.00606510234552e-08,3.0,4.0
3872,Ex_Phox2b_Slitrk6,8.00606510234552e-08,4.0,3.0
3874,Ex_Phox2b_Slitrk6,1.6011123267262136e-07,4.0,4.0
3917,Ex_Phox2b_Tac2_2,8.00606510234552e-08,4.0,3.0
4322,Ex_Phox2b_Tlx1_2,8.00606510234552e-08,3.0,4.0
192,Ex_Phox2b_Vmn1r196,3.7356937936714357e-07,3.0,8.0
4771,Ex_Phox2b_Zbbx_Nts_1,4.003158422803956e-08,3.0,3.0
4977,Ex_Pitx2_Frem3_1,8.00606510234552e-08,4.0,3.0
3921,Ex_Pitx2_Odad2_2,4.003158422803956e-08,3.0,3.0
2360,Ex_Pitx2_Pdpn,8.00606510234552e-08,3.0,4.0
1985,Ex_Pitx2_Wdr95,4.003158422803956e-08,3.0,3.0
3070,Ex_Pitx2_Zbtb7c_1,2.668352727575654e-07,4.0,5.0
3078,Ex_Pitx2_Zbtb7c_1,2.6688561962901027e-08,4.0,2.0
4443,Ex_Pitx2_Zbtb7c_2,8.00606510234552e-08,4.0,3.0
2108,Ex_Pitx2_Zbtb7c_4,1.6011123267262136e-07,4.0,4.0
3070,Ex_Pitx2_Zbtb7c_4,2.668352727575654e-07,4.0,5.0
3078,Ex_Pitx2_Zbtb7c_4,2.6688561962901027e-08,4.0,2.0
2208,Ex_Pitx2_Zbtb7c_5,8.00606510234552e-08,3.0,4.0
1913,Ex_Pitx2_Zbtb7c_7,4.003158422803956e-08,3.0,3.0
1923,Ex_Pitx2_Zbtb7c_7,4.003158422803956e-08,3.0,3.0
1939,Ex_Pitx2_Zbtb7c_7,1.3344280981450513e-08,3.0,2.0
1621,Ex_Plcg2_Traf1_1,1.6011123267262136e-07,4.0,4.0
5023,Ex_Plekhg1_Col27a1_Calca,1.6011123267262136e-07,4.0,4.0
5042,Ex_Plekhg1_Col27a1_Egflam_1,5.0343309376260907e-11,4.0,6.0
5022,Ex_Plekhg1_Col27a1_Npsr1_2,4.003158422803956e-08,3.0,3.0
5023,Ex_Plekhg1_Col27a1_Npsr1_2,8.00606510234552e-08,3.0,4.0
5040,Ex_Plekhg1_Col27a1_Npsr1_2,8.00606510234552e-08,3.0,4.0
561,Ex_Plekhg1_Epha1_Cd44_2,2.668352727575654e-07,5.0,4.0
5022,Ex_Plekhg1_Epha1_Smoc2_2,4.003158422803956e-08,3.0,3.0
5023,Ex_Plekhg1_Epha1_Smoc2_2,8.00606510234552e-08,3.0,4.0
5040,Ex_Plekhg1_Epha1_Smoc2_2,8.00606510234552e-08,3.0,4.0
148,Ex_Plekhg1_Nox4_Anxa13_1,9.336591803261916e-07,7.0,5.0
282,Ex_Plekhg1_Nox4_Anxa13_1,5.602835934044848e-07,7.0,4.0
5030,Ex_Plekhg1_Pth2r_Frem3_4,4.003158422803956e-08,3.0,3.0
2794,Ex_Pou4f1_Abcc9_2,8.00606510234552e-08,4.0,3.0
1688,Ex_Pou4f1_Abcc9_3,1.6011123267262136e-07,4.0,4.0
2560,Ex_Pou4f1_Htr5b_2,1.6011123267262136e-07,4.0,4.0
182,Ex_Pou4f1_Htr5b_5,1.400268588628408e-06,6.0,7.0
4557,Ex_Pou4f1_Plscr5_1,7.469978074418258e-07,8.0,4.0
4558,Ex_Pou4f1_Plscr5_1,6.838441923903006e-06,8.0,11.0
4569,Ex_Pou4f1_Plscr5_1,3.7356937936714357e-07,8.0,3.0
4596,Ex_Pou4f1_Plscr5_1,7.469978074418258e-07,8.0,4.0
4665,Ex_Pou4f1_Plscr5_1,7.469978074418258e-07,8.0,4.0
4705,Ex_Pou4f1_Plscr5_1,7.469978074418258e-07,8.0,4.0
4910,Ex_Pou4f1_Plscr5_1,7.469978074418258e-07,8.0,4.0
1538,Ex_Pou4f1_Plscr5_2,4.002277374816599e-07,6.0,4.0
2233,Ex_Pou4f1_Plscr5_2,4.002277374816599e-07,6.0,4.0
3314,Ex_Pou4f1_Plscr5_2,4.002277374816599e-07,6.0,4.0
34185,Ex_Pou4f1_Plscr5_2,1.000317667226508e-06,6.0,6.0
4259,Ex_Pou4f1_Plscr5_2,2.0013904039551817e-07,6.0,3.0
4477,Ex_Pou4f1_Plscr5_2,4.002277374816599e-07,6.0,4.0
4599,Ex_Pou4f1_Plscr5_2,2.0013904039551817e-07,6.0,3.0
4614,Ex_Pou4f1_Plscr5_2,1.000317667226508e-06,6.0,6.0
4617,Ex_Pou4f1_Plscr5_2,4.002277374816599e-07,6.0,4.0
4705,Ex_Pou4f1_Plscr5_2,4.002277374816599e-07,6.0,4.0
4984,Ex_Pou4f1_Plscr5_2,2.0013904039551817e-07,6.0,3.0
4614,Ex_Pou4f1_Plscr5_3,1.000317667226508e-06,6.0,6.0
4617,Ex_Pou4f1_Plscr5_3,4.002277374816599e-07,6.0,4.0
4679,Ex_Pou4f1_Plscr5_3,6.669623325249725e-07,6.0,5.0
1517,Ex_Pou4f1_Plscr5_4,2.668352727575654e-07,4.0,5.0
4667,Ex_Pou4f1_Plscr5_4,7.469978074418258e-07,4.0,8.0
4670,Ex_Pou4f1_Plscr5_4,4.002277374816599e-07,4.0,6.0
3433,Ex_Pou4f1_Plscr5_5,1.6011123267262136e-07,4.0,4.0
3924,Ex_Pou4f1_Plscr5_5,8.00606510234552e-08,4.0,3.0
3048,Ex_Pou4f1_Plscr5_6,2.668352727575654e-07,5.0,4.0
4667,Ex_Pou4f1_Plscr5_6,3.523159043616182e-10,5.0,8.0
4670,Ex_Pou4f1_Plscr5_6,6.669623325249725e-07,5.0,6.0
1163,Ex_Pou4f1_Plscr5_9,1.6011123267262136e-07,4.0,4.0
3738,Ex_Pou4f1_Plscr5_9,8.00606510234552e-08,4.0,3.0
758,Ex_Pou4f1_Plscr5_9,2.668352727575654e-07,4.0,5.0
842,Ex_Pou4f1_Pth2r,4.44683503322212e-07,5.0,5.0
3964,Ex_Pou4f1_Trim21,1.3343022265138534e-07,5.0,3.0
4893,Ex_Pou4f2_Gdpd4,1.3344280981450513e-08,2.0,3.0
4813,Ex_Pou4f2_Hpse2_1,8.00606510234552e-08,4.0,3.0
24576,Ex_Pou4f2_Ramp3,2.668352727575654e-07,5.0,4.0
4674,Ex_Pou4f2_Ramp3,4.44683503322212e-07,5.0,5.0
4893,Ex_Pou4f2_Sult3a2_1,1.3343022265138534e-07,5.0,3.0
15062,Ex_Pou4f2_Sult3a2_11,5.602835934044848e-07,4.0,7.0
3909,Ex_Pou4f2_Sult3a2_11,8.00606510234552e-08,4.0,3.0
4909,Ex_Pou4f2_Sult3a2_11,8.00606510234552e-08,4.0,3.0
1163,Ex_Pou4f2_Sult3a2_3,1.6011123267262136e-07,4.0,4.0
1169,Ex_Pou4f2_Sult3a2_3,2.668352727575654e-07,4.0,5.0
1543,Ex_Pou4f2_Sult3a2_3,8.00606510234552e-08,4.0,3.0
1160,Ex_Pou4f2_Sult3a2_4,2.0013904039551817e-07,3.0,6.0
1320,Ex_Pou4f2_Sult3a2_5,1.6011123267262136e-07,4.0,4.0
4885,Ex_Pou4f2_Sult3a2_7,1.3343022265138534e-07,5.0,3.0
4895,Ex_Pou4f2_Sult3a2_7,2.668352727575654e-07,5.0,4.0
1162,Ex_Pou4f2_Sult3a2_8,2.668352727575654e-07,4.0,5.0
4901,Ex_Pou4f2_Sult3a2_9,8.00606510234552e-08,4.0,3.0
4864,Ex_Pou4f3_Defb1_1,2.668352727575654e-07,5.0,4.0
4868,Ex_Pou4f3_Defb1_1,4.44683503322212e-07,5.0,5.0
4863,Ex_Pou4f3_Ppp1r17_2,1.6011123267262136e-07,4.0,4.0
4864,Ex_Pou4f3_Ppp1r17_2,1.6011123267262136e-07,4.0,4.0
4867,Ex_Pou4f3_Xdh,4.003158422803956e-08,3.0,3.0
4870,Ex_Pou4f3_Xdh,1.3344280981450513e-08,3.0,2.0
4734,Ex_Prox1_Bhlhe23_1,2.668352727575654e-07,5.0,4.0
4844,Ex_Prox1_Bhlhe23_1,1.3343022265138534e-07,5.0,3.0
1115,Ex_Prox1_Bhlhe23_3,4.002277374816599e-07,4.0,6.0
1658,Ex_Prox1_Bhlhe23_3,4.002277374816599e-07,4.0,6.0
1620,Ex_Prox1_Npy,2.668352727575654e-07,5.0,4.0
1621,Ex_Prox1_Npy,2.668352727575654e-07,5.0,4.0
3412,Ex_Prox1_Npy,1.3343022265138534e-07,5.0,3.0
24472,Ex_Prox1_Pirt_1,2.668352727575654e-07,4.0,5.0
4694,Ex_Prox1_Pirt_1,1.6011123267262136e-07,4.0,4.0
314,Ex_Prox1_Plcz1,2.668352727575654e-07,4.0,5.0
165,Ex_Rorb_Cyp26b1,4.448093660483505e-08,5.0,2.0
177,Ex_Rorb_Dnah14,7.469978074418258e-07,4.0,8.0
59,Ex_Rorb_Dnah14,4.002277374816599e-07,4.0,6.0
175,Ex_Rorb_Endou_1,7.469978074418258e-07,4.0,8.0
94,Ex_Rorb_Pirt_Fn1,4.003158422803956e-08,3.0,3.0
192,Ex_Rorb_Rxfp2,7.469978074418258e-07,4.0,8.0
220,Ex_Rorb_Scn5a,4.002277374816599e-07,4.0,6.0
188,Ex_Rspo1_Fos,6.669623325249725e-07,5.0,6.0
189,Ex_Rspo1_Fos,4.44683503322212e-07,5.0,5.0
3724,Ex_Sall1_C1ql1_1,2.6688561962901027e-08,4.0,2.0
3764,Ex_Sall1_C1ql1_1,8.00606510234552e-08,4.0,3.0
3992,Ex_Sall1_C1ql1_1,8.00606510234552e-08,4.0,3.0
4357,Ex_Sall1_C1ql1_1,8.00606510234552e-08,4.0,3.0
4362,Ex_Sall1_C1ql1_1,4.002277374816599e-07,4.0,6.0
481,Ex_Sall1_Fgf7_1,2.668352727575654e-07,4.0,5.0
3591,Ex_Sall1_Pmfbp1_2,8.00606510234552e-08,4.0,3.0
5000,Ex_Sall3_Crabp1_1,4.003158422803956e-08,3.0,3.0
2646,Ex_Samd3_Atp10b,4.002277374816599e-07,4.0,6.0
2737,Ex_Samd3_Atp10b,1.6011123267262136e-07,4.0,4.0
3524,Ex_Samd3_Npsr1_1,1.6011123267262136e-07,4.0,4.0
2746,Ex_Samd3_Npsr1_3,4.003158422803956e-08,3.0,3.0
2737,Ex_Samd3_Slc38a11_1,1.6011123267262136e-07,4.0,4.0
2683,Ex_Samd3_Tnfaip8_2,2.668352727575654e-07,5.0,4.0
2469,Ex_Sim1_Abcc9_1,8.00606510234552e-08,3.0,4.0
4881,Ex_Sim1_Adam33_1,8.00606510234552e-08,4.0,3.0
1662,Ex_Sim1_Adam33_2,2.668352727575654e-07,4.0,5.0
3505,Ex_Sim1_Adam33_2,1.6011123267262136e-07,4.0,4.0
486,Ex_Sim1_Adam33_2,1.6011123267262136e-07,4.0,4.0
4810,Ex_Sim1_Aox3_3,8.00606510234552e-08,3.0,4.0
2143,Ex_Sim1_Bsx_1,1.0069374288974648e-11,4.0,4.0
3612,Ex_Sim1_Cartpt,1.6011123267262136e-07,4.0,4.0
2561,Ex_Sim1_Ccdc3,1.3343022265138534e-07,5.0,3.0
2788,Ex_Sim1_Cd34_1,4.003158422803956e-08,3.0,3.0
2157,Ex_Sim1_Cd34_3,8.00606510234552e-08,4.0,3.0
443,Ex_Sim1_Cd34_6,6.669623325249725e-07,6.0,5.0
2513,Ex_Sim1_Clca3a2_2,1.6011123267262136e-07,4.0,4.0
2588,Ex_Sim1_Clca3a2_2,8.00606510234552e-08,4.0,3.0
5143,Ex_Sim1_Clca3a2_2,1.6011123267262136e-07,4.0,4.0
1044,Ex_Sim1_Crh_1,1.6011123267262136e-07,4.0,4.0
1772,Ex_Sim1_Crh_1,1.6011123267262136e-07,4.0,4.0
2506,Ex_Sim1_Crh_1,1.6011123267262136e-07,4.0,4.0
1772,Ex_Sim1_Crh_3,1.6011123267262136e-07,4.0,4.0
2447,Ex_Sim1_Dlk1_1,4.003158422803956e-08,3.0,3.0
2125,Ex_Sim1_Foxb1,1.3343022265138534e-07,3.0,5.0
2822,Ex_Sim1_Foxb1,4.003158422803956e-08,3.0,3.0
3190,Ex_Sim1_Ghrh_1,1.3344280981450513e-08,3.0,2.0
4942,Ex_Sim1_Ghrh_1,1.3344280981450513e-08,3.0,2.0
2157,Ex_Sim1_Nkx2-2_1,1.3343022265138534e-07,5.0,3.0
2165,Ex_Sim1_Nkx2-2_1,1.3343022265138534e-07,5.0,3.0
4834,Ex_Sim1_Nkx2-2_2,4.003158422803956e-08,3.0,3.0
1886,Ex_Sim1_Otp_3,8.00606510234552e-08,3.0,4.0
1928,Ex_Sim1_Otp_3,4.003158422803956e-08,3.0,3.0
5022,Ex_Sim1_Otp_4,1.3343022265138534e-07,5.0,3.0
2432,Ex_Sim1_Otp_5,2.668352727575654e-07,5.0,4.0
2157,Ex_Sim1_Pdgfd_2,8.00606510234552e-08,4.0,3.0
2165,Ex_Sim1_Pdgfd_2,8.00606510234552e-08,4.0,3.0
883,Ex_Sim1_Pgr15l_1,4.002277374816599e-07,4.0,6.0
111,Ex_Sim1_Pitx2_2,7.469978074418258e-07,4.0,8.0
467,Ex_Sim1_Pitx2_2,2.668352727575654e-07,4.0,5.0
2361,Ex_Sim1_Pitx2_3,1.6011123267262136e-07,4.0,4.0
2483,Ex_Sim1_Ppp1r1c_2,8.00606510234552e-08,4.0,3.0
2561,Ex_Sim1_Sema3d,2.0013904039551817e-07,6.0,3.0
2452,Ex_Sim1_Sim2,1.3344280981450513e-08,3.0,2.0
2513,Ex_Sim1_Tnxb_2,1.6011123267262136e-07,4.0,4.0
2588,Ex_Sim1_Tnxb_2,8.00606510234552e-08,4.0,3.0
2513,Ex_Sim1_Trh_2,1.6011123267262136e-07,4.0,4.0
2752,Ex_Skor1_Cnga3,4.003158422803956e-08,3.0,3.0
4555,Ex_Skor1_Frem1_1,2.668352727575654e-07,5.0,4.0
1892,Ex_Skor1_Hpgd_1,8.00606510234552e-08,4.0,3.0
2681,Ex_Skor1_Il31ra_2,8.00606510234552e-08,3.0,4.0
3542,Ex_Skor1_Kcnmb1,2.668352727575654e-07,5.0,4.0
2682,Ex_Skor1_Kdr_1,4.003158422803956e-08,3.0,3.0
2711,Ex_Skor1_Kdr_1,4.003158422803956e-08,3.0,3.0
2716,Ex_Skor1_Kdr_1,4.003158422803956e-08,3.0,3.0
2729,Ex_Skor1_Kdr_1,8.00606510234552e-08,3.0,4.0
2722,Ex_Skor1_Kdr_2,8.00606510234552e-08,4.0,3.0
2729,Ex_Skor1_Pon2_3,1.6011123267262136e-07,4.0,4.0
2750,Ex_Skor1_Pon2_3,1.6011123267262136e-07,4.0,4.0
2757,Ex_Skor1_Pon2_3,8.00606510234552e-08,4.0,3.0
2646,Ex_Skor1_Samd3_2,4.002277374816599e-07,4.0,6.0
2594,Ex_Skor1_Samd3_4,8.00606510234552e-08,4.0,3.0
2724,Ex_Skor1_Samd3_4,5.0343309376260907e-11,4.0,6.0
1196,Ex_Skor1_Slc17a8_2,8.00606510234552e-08,3.0,4.0
2692,Ex_Skor1_Slc17a8_2,1.3343022265138534e-07,3.0,5.0
2723,Ex_Skor1_Slc17a8_2,8.00606510234552e-08,3.0,4.0
2690,Ex_Skor1_Slc5a7_1,1.6011123267262136e-07,4.0,4.0
2697,Ex_Skor1_Slc5a7_1,1.6011123267262136e-07,4.0,4.0
2740,Ex_Skor1_Slc5a7_1,8.00606510234552e-08,4.0,3.0
2697,Ex_Skor1_Slc5a7_2,2.668352727575654e-07,5.0,4.0
2740,Ex_Skor1_Slc5a7_2,1.3343022265138534e-07,5.0,3.0
260,Ex_Slc30a3_Best3_1,9.336591803261916e-07,7.0,5.0
260,Ex_Slc30a3_Best3_3,4.44683503322212e-07,5.0,5.0
488,Ex_Slc30a3_Best3_3,4.44683503322212e-07,5.0,5.0
263,Ex_Slc30a3_Capsl_Utrn,1.3343022265138534e-07,3.0,5.0
301,Ex_Slc30a3_Cfap58_Trhr,1.3344280981450513e-08,3.0,2.0
260,Ex_Slc30a3_Efemp1_Chn2,4.44683503322212e-07,5.0,5.0
270,Ex_Slc30a3_Lrmp_Il1rl2,8.00606510234552e-08,3.0,4.0
220,Ex_Slc30a3_Scn5a,6.669623325249725e-07,5.0,6.0
289,Ex_Slc30a3_Scn5a,2.668352727575654e-07,5.0,4.0
317,Ex_Slc30a3_Shisa8_7,4.003158422803956e-08,3.0,3.0
264,Ex_Slc30a3_Ssmem1_2,1.3343022265138534e-07,3.0,5.0
263,Ex_Slc30a3_Syndig1l,2.668352727575654e-07,4.0,5.0
696,Ex_Slc30a3_Teddm3_1,8.00606510234552e-08,4.0,3.0
11,Ex_Slc30a3_Teddm3_5,2.668352727575654e-07,5.0,4.0
6,Ex_Slc30a3_Teddm3_5,1.3343022265138534e-07,5.0,3.0
2559,Ex_Slc30a3_Trhr,2.2021302192399188e-10,7.0,5.0
5001,Ex_Smoc2_Kntc1_1,4.002277374816599e-07,4.0,6.0
3521,Ex_Sox6_Erfl,1.3344280981450513e-08,3.0,2.0
4935,Ex_Sox6_Erfl,8.00606510234552e-08,3.0,4.0
1760,Ex_Sox6_Evx1_1,1.3343022265138534e-07,3.0,5.0
4921,Ex_Sox6_Evx1_2,2.6688561962901027e-08,2.0,4.0
1231,Ex_Sox6_Irx6_2,1.3343022265138534e-07,5.0,3.0
4905,Ex_Sox6_Sult3a2_1,4.44683503322212e-07,5.0,5.0
4910,Ex_Sox6_Ttc29_1,8.00606510234552e-08,3.0,4.0
34179,Ex_Tcf7l2_C1ql4_1,1.3344280981450513e-08,3.0,2.0
3865,Ex_Tcf7l2_C1ql4_2,1.3344280981450513e-08,3.0,2.0
299,Ex_Tcf7l2_Fbln1_Mtnr1a,2.668352727575654e-07,5.0,4.0
5049,Ex_Tcf7l2_Fbln1_Mtnr1a,2.668352727575654e-07,5.0,4.0
5095,Ex_Tcf7l2_Fbln1_Slc38a11_1,2.668352727575654e-07,5.0,4.0
4110,Ex_Tcf7l2_Kif26a_1,4.003158422803956e-08,3.0,3.0
1332,Ex_Tcf7l2_Lhx2_Ros1_1,4.002277374816599e-07,4.0,6.0
4358,Ex_Tfap2b_Cldn3_2,4.003158422803956e-08,3.0,3.0
4935,Ex_Tfap2b_Cldn3_3,1.6011123267262136e-07,4.0,4.0
4531,Ex_Tfap2b_Clec12a,2.668352727575654e-07,4.0,5.0
4921,Ex_Tfap2b_Col4a5,8.00606510234552e-08,3.0,4.0
4935,Ex_Tfap2b_Col4a5,8.00606510234552e-08,3.0,4.0
4936,Ex_Tfap2b_Col4a5,8.00606510234552e-08,3.0,4.0
4932,Ex_Tfap2b_Flt4,4.003158422803956e-08,3.0,3.0
3516,Ex_Tfap2b_Gadl1,8.00606510234552e-08,4.0,3.0
3387,Ex_Tfap2b_Ghrh_1,4.002277374816599e-07,6.0,4.0
3532,Ex_Tfap2b_Ghrh_1,2.0013904039551817e-07,6.0,3.0
4490,Ex_Tfap2b_Ghrh_1,4.002277374816599e-07,6.0,4.0
4495,Ex_Tfap2b_Ghrh_1,4.002277374816599e-07,6.0,4.0
4838,Ex_Tfap2b_Ghrh_1,2.0013904039551817e-07,6.0,3.0
2175,Ex_Tfap2b_Ghrh_2,8.00606510234552e-08,4.0,3.0
4914,Ex_Tfap2b_Ghrh_2,2.668352727575654e-07,4.0,5.0
3402,Ex_Tfap2b_Ghrh_3,8.00606510234552e-08,4.0,3.0
4495,Ex_Tfap2b_Ghrh_3,1.6011123267262136e-07,4.0,4.0
3510,Ex_Tfap2b_Gli2,1.8667899491132256e-06,6.0,8.0
3522,Ex_Tfap2b_Gli2,6.669623325249725e-07,6.0,5.0
5045,Ex_Tfap2b_Gli2,1.400268588628408e-06,6.0,7.0
2132,Ex_Tfap2b_Kdr,1.3343022265138534e-07,5.0,3.0
3516,Ex_Tfap2b_Layn,4.003158422803956e-08,3.0,3.0
4921,Ex_Tfap2b_Peizo2,1.6011123267262136e-07,4.0,4.0
4662,Ex_Tfap2b_Piezo2_2,4.44683503322212e-07,5.0,5.0
4935,Ex_Tfap2b_Piezo2_4,8.00606510234552e-08,3.0,4.0
4936,Ex_Tfap2b_Piezo2_4,8.00606510234552e-08,3.0,4.0
2121,Ex_Tfap2b_Piezo2_6,1.3344280981450513e-08,3.0,2.0
2657,Ex_Tfap2b_Piezo2_6,8.00606510234552e-08,3.0,4.0
3521,Ex_Tfap2b_Plce1_1,4.448093660483505e-08,5.0,2.0
4488,Ex_Tfap2b_Plce1_1,2.668352727575654e-07,5.0,4.0
4667,Ex_Tfap2b_Plce1_1,1.2447614684668015e-06,5.0,8.0
4662,Ex_Tfap2b_Ramp3_1,2.668352727575654e-07,4.0,5.0
3818,Ex_Tfap2b_Rxfp2_1,1.3343022265138534e-07,5.0,3.0
4923,Ex_Tfap2b_Rxfp2_1,2.517254520528354e-11,5.0,4.0
4941,Ex_Tfap2b_Rxfp2_4,1.3343022265138534e-07,5.0,3.0
4936,Ex_Tfap2b_Rxfp2_5,8.00606510234552e-08,3.0,4.0
4876,Ex_Tfap2b_Sult3a2,8.00606510234552e-08,4.0,3.0
2645,Ex_Tfap2b_Sult3a2_1,2.668352727575654e-07,5.0,4.0
4944,Ex_Tfap2b_Sult3a2_1,2.668352727575654e-07,5.0,4.0
5082,Ex_Tfap2b_Sult3a2_1,2.668352727575654e-07,5.0,4.0
4921,Ex_Tfap2b_Sult3a2_5,8.00606510234552e-08,3.0,4.0
4558,Ex_Tfap2d_A730009L09Rik,2.444375219040734e-06,5.0,11.0
4567,Ex_Tfap2d_A730009L09Rik,6.669623325249725e-07,5.0,6.0
24576,Ex_Tfap2d_Apela,2.668352727575654e-07,5.0,4.0
4910,Ex_Tfap2d_Apela,2.668352727575654e-07,5.0,4.0
4550,Ex_Tfap2d_Atp6ap1l_3,8.00606510234552e-08,4.0,3.0
4607,Ex_Tfap2d_Atp6ap1l_3,1.6011123267262136e-07,4.0,4.0
4593,Ex_Tfap2d_Atp6ap1l_4,1.3343022265138534e-07,5.0,3.0
4687,Ex_Tfap2d_Atp6ap1l_4,2.668352727575654e-07,5.0,4.0
1542,Ex_Tfap2d_Atp6ap1l_5,5.602835934044848e-07,7.0,4.0
4861,Ex_Tfap2d_Bhlhe23,2.668352727575654e-07,5.0,4.0
5344,Ex_Tfap2d_Bnip5_1,9.336591803261916e-07,5.0,7.0
270,Ex_Tfap2d_Bnip5_2,1.6011123267262136e-07,4.0,4.0
4970,Ex_Tfap2d_Bnip5_2,8.00606510234552e-08,4.0,3.0
4592,Ex_Tfap2d_Crhr2_1,8.00606510234552e-08,4.0,3.0
4593,Ex_Tfap2d_Crhr2_1,8.00606510234552e-08,4.0,3.0
5001,Ex_Tfap2d_Defb1,6.669623325249725e-07,5.0,6.0
3035,Ex_Tfap2d_Emid1_1,8.00606510234552e-08,4.0,3.0
4909,Ex_Tfap2d_Emid1_3,8.00606510234552e-08,4.0,3.0
4888,Ex_Tfap2d_Il23r_Pou4f2,1.6011123267262136e-07,4.0,4.0
4895,Ex_Tfap2d_Il23r_Pou4f2,1.6011123267262136e-07,4.0,4.0
24473,Ex_Tfap2d_Mab21l2_2,2.668352727575654e-07,5.0,4.0
4691,Ex_Tfap2d_Mab21l2_2,1.3343022265138534e-07,5.0,3.0
4736,Ex_Tfap2d_Mab21l2_2,1.3343022265138534e-07,5.0,3.0
5408,Ex_Tfap2d_Mab21l2_2,4.44683503322212e-07,5.0,5.0
4474,Ex_Tfap2d_Mgmt,2.0013904039551817e-07,6.0,3.0
4557,Ex_Tfap2d_Mgmt,4.002277374816599e-07,6.0,4.0
4558,Ex_Tfap2d_Mgmt,3.665525268982851e-06,6.0,11.0
4559,Ex_Tfap2d_Mgmt,6.669623325249725e-07,6.0,5.0
4667,Ex_Tfap2d_Mgmt,1.8667899491132256e-06,6.0,8.0
1565,Ex_Tfap2d_Mgst2_1,2.0013904039551817e-07,6.0,3.0
24576,Ex_Tfap2d_Mgst2_2,2.668352727575654e-07,5.0,4.0
4557,Ex_Tfap2d_Mgst2_2,2.668352727575654e-07,5.0,4.0
3502,Ex_Tfap2d_Mgst2_3,2.668352727575654e-07,4.0,5.0
4641,Ex_Tfap2d_Npffr1_1,5.602835934044848e-07,4.0,7.0
1019,Ex_Tfap2d_Pirt_2,6.669623325249725e-07,6.0,5.0
2197,Ex_Tfap2d_Pirt_2,4.002277374816599e-07,6.0,4.0
4541,Ex_Tfap2d_Pirt_2,1.000317667226508e-06,6.0,6.0
4694,Ex_Tfap2d_Pirt_2,4.002277374816599e-07,6.0,4.0
3103,Ex_Tfap2d_Pirt_3,1.6011123267262136e-07,4.0,4.0
1722,Ex_Tfap2d_Pirt_5,2.668352727575654e-07,5.0,4.0
4731,Ex_Tfap2d_Pirt_6,4.003158422803956e-08,3.0,3.0
4740,Ex_Tfap2d_Pirt_6,8.00606510234552e-08,3.0,4.0
4844,Ex_Tfap2d_Pirt_7,1.3343022265138534e-07,5.0,3.0
4730,Ex_Tfap2d_Sema3d_2,2.668352727575654e-07,5.0,4.0
4731,Ex_Tfap2d_Sema3d_3,1.3343022265138534e-07,5.0,3.0
4939,Ex_Tfap2d_Sema3d_3,1.3343022265138534e-07,5.0,3.0
4721,Ex_Tfap2d_Slc38a4_1,2.668352727575654e-07,4.0,5.0
50,Ex_Tfap2d_Slc38a4_2,2.668352727575654e-07,5.0,4.0
5006,Ex_Tfap2d_Snorc_3,8.00606510234552e-08,4.0,3.0
24525,Ex_Tlx1_Crocc2_1,4.003158422803956e-08,3.0,3.0
2590,Ex_Tlx1_Crocc2_3,1.3343022265138534e-07,3.0,5.0
34289,Ex_Tlx1_Crocc2_5,8.00606510234552e-08,4.0,3.0
3796,Ex_Tlx1_Kntc1,8.00606510234552e-08,3.0,4.0
3796,Ex_Tlx1_Tmem215_1,8.00606510234552e-08,3.0,4.0
4495,Ex_Trabd2b_Slc30a3_Atp8b1,4.002277374816599e-07,6.0,4.0
456,Ex_Trabd2b_Slc30a3_Mybpc1,4.003158422803956e-08,3.0,3.0
640,Ex_Trabd2b_Slc30a3_Mybpc1_Pla2g4e,2.668352727575654e-07,4.0,5.0
456,Ex_Trabd2b_Slc30a3_Vgll3,8.00606510234552e-08,4.0,3.0
2815,Ex_Vcan_Crh,1.3344280981450513e-08,3.0,2.0
4776,Ex_Vcan_Crh,8.00606510234552e-08,3.0,4.0
3100,Ex_Vsx2_C1ql2,1.6011123267262136e-07,4.0,4.0
3100,Ex_Vsx2_C1ql2_2,1.6011123267262136e-07,4.0,4.0
3023,Ex_Vsx2_Col15a1,4.003158422803956e-08,3.0,3.0
3046,Ex_Vsx2_Col2a1,8.00606510234552e-08,4.0,3.0
1870,Ex_Vsx2_Csta2,8.00606510234552e-08,3.0,4.0
3018,Ex_Vsx2_Ctxn3_1,1.6011123267262136e-07,4.0,4.0
3056,Ex_Vsx2_Ctxn3_2,1.3343022265138534e-07,5.0,3.0
3096,Ex_Vsx2_Drd3_2,1.3344280981450513e-08,2.0,3.0
3111,Ex_Vsx2_Drd3_3,4.003158422803956e-08,3.0,3.0
3070,Ex_Vsx2_Galr1,1.3343022265138534e-07,3.0,5.0
3078,Ex_Vsx2_Galr1,1.3344280981450513e-08,3.0,2.0
5002,Ex_Vsx2_Galr1,4.003158422803956e-08,3.0,3.0
3102,Ex_Vsx2_Ghrh_1,8.00606510234552e-08,4.0,3.0
3059,Ex_Vsx2_Igfbp4_1,4.003158422803956e-08,3.0,3.0
1040,Ex_Vsx2_Igfbp4_2,8.00606510234552e-08,3.0,4.0
3060,Ex_Vsx2_Igfbp4_2,8.00606510234552e-08,3.0,4.0
3041,Ex_Vsx2_Lhx4_2,1.0069374288974648e-11,4.0,4.0
3042,Ex_Vsx2_Lhx4_3,8.00606510234552e-08,4.0,3.0
3048,Ex_Vsx2_Lhx4_4,1.0069374288974648e-11,4.0,4.0
3056,Ex_Vsx2_Lhx4_4,8.00606510234552e-08,4.0,3.0
3031,Ex_Vsx2_Npr3,8.00606510234552e-08,4.0,3.0
3103,Ex_Vsx2_Nps_2,8.00606510234552e-08,3.0,4.0
1494,Ex_Vsx2_Pgm5_1,2.668352727575654e-07,4.0,5.0
758,Ex_Vsx2_Sp8,1.3343022265138534e-07,3.0,5.0
3037,Ex_Vsx2_Tecta_1,1.6011123267262136e-07,4.0,4.0
24681,Ex_Vsx2_Tnnt1_3,4.003158422803956e-08,3.0,3.0
3025,Ex_Vsx2_Tnnt1_3,4.003158422803956e-08,3.0,3.0
3031,Ex_Vsx2_Tnnt1_3,4.003158422803956e-08,3.0,3.0
3025,Ex_Vsx2_Tnnt1_4,8.00606510234552e-08,4.0,3.0
3060,Ex_Vsx2_Wnt2,8.00606510234552e-08,3.0,4.0
4619,Ex_Zic1_Mybpc1,8.00606510234552e-08,3.0,4.0
15069,Ex_Zic1_Slc38a4,4.44683503322212e-07,5.0,5.0
24472,Ex_Zic1_Slc38a4,4.44683503322212e-07,5.0,5.0
4588,Ex_Zic1_Slc38a4,2.668352727575654e-07,5.0,4.0
4729,Ex_Zic1_Slc38a4,1.3343022265138534e-07,5.0,3.0
923,Inh_Clic4_Ano3_1,1.2587163119794855e-11,3.0,6.0
932,Inh_Clic4_Ano3_1,8.00606510234552e-08,3.0,4.0
3188,Inh_Dlk1_Apbb1ip_1,8.00606510234552e-08,4.0,3.0
24710,Inh_Dlk1_Apbb1ip_2,1.3343022265138534e-07,5.0,3.0
34187,Inh_Dlk1_Apbb1ip_2,1.3343022265138534e-07,5.0,3.0
1516,Inh_Dlx1_Col18a1,4.44683503322212e-07,5.0,5.0
1527,Inh_Dlx1_Col18a1,6.669623325249725e-07,5.0,6.0
1631,Inh_Dlx1_Col18a1,4.44683503322212e-07,5.0,5.0
1825,Inh_Dlx1_Dnah5_1,2.668352727575654e-07,5.0,4.0
1550,Inh_Dlx1_Satb2_1,4.4480936604835055e-09,2.0,2.0
3034,Inh_Dlx1_Satb2_2,2.668352727575654e-07,5.0,4.0
3561,Inh_Dmbx1_Car8,4.003158422803956e-08,3.0,3.0
3564,Inh_Dmbx1_Car8,1.3343022265138534e-07,3.0,5.0
3591,Inh_Dmbx1_Car8,4.003158422803956e-08,3.0,3.0
3584,Inh_Dmbx1_Fam83b,2.0013904039551817e-07,3.0,6.0
3263,Inh_Dmbx1_Gcnt4,8.00606510234552e-08,3.0,4.0
3569,Inh_Dmbx1_Gem_2,8.00606510234552e-08,4.0,3.0
3583,Inh_Dmbx1_Gem_2,8.00606510234552e-08,4.0,3.0
688,Inh_Dmbx1_Gem_2,1.6011123267262136e-07,4.0,4.0
3579,Inh_Dmbx1_Rubcnl,8.00606510234552e-08,3.0,4.0
3558,Inh_Dmbx1_Sox2_2,1.3344280981450513e-08,2.0,3.0
3565,Inh_Dmbx1_Tacr3_2,1.3344280981450513e-08,3.0,2.0
2173,Inh_Dmbx1_Tacr3_3,8.00606510234552e-08,3.0,4.0
3571,Inh_Dmbx1_Tacr3_3,4.003158422803956e-08,3.0,3.0
3583,Inh_Dmbx1_Tnnt1_1,4.003158422803956e-08,3.0,3.0
4500,Inh_Ebf2_Stc1_1,2.668352727575654e-07,4.0,5.0
2359,Inh_Ebf3_Erfl,4.003158422803956e-08,3.0,3.0
2253,Inh_Ecel1_Asb4_1,8.00606510234552e-08,4.0,3.0
885,Inh_Ecel1_Asb4_3,4.002277374816599e-07,6.0,4.0
1701,Inh_Ecel1_Chodl,2.668352727575654e-07,4.0,5.0
1528,Inh_Ecel1_Col6a4_1,4.002277374816599e-07,4.0,6.0
1534,Inh_Ecel1_Col6a4_1,4.002277374816599e-07,4.0,6.0
1827,Inh_Ecel1_Col6a4_1,1.6011123267262136e-07,4.0,4.0
1860,Inh_Ecel1_Col6a4_1,1.6011123267262136e-07,4.0,4.0
1202,Inh_Ecel1_Crhr2,2.668352727575654e-07,4.0,5.0
2537,Inh_Emx2_Foxa2_1,2.668352727575654e-07,4.0,5.0
3510,Inh_Emx2_Il20ra_1,3.7356937936714357e-07,3.0,8.0
3503,Inh_Emx2_Il20ra_2,8.00606510234552e-08,4.0,3.0
3510,Inh_Emx2_Il20ra_2,7.469978074418258e-07,4.0,8.0
3260,Inh_Emx2_Irx4,1.6011123267262136e-07,4.0,4.0
3271,Inh_Emx2_Irx4,1.6011123267262136e-07,4.0,4.0
3502,Inh_Emx2_Irx4,2.517254520528354e-11,4.0,5.0
3510,Inh_Emx2_Irx4,7.469978074418258e-07,4.0,8.0
3522,Inh_Emx2_Irx4,2.668352727575654e-07,4.0,5.0
24739,Inh_Emx2_Pirt_2,8.00606510234552e-08,3.0,4.0
3507,Inh_Emx2_Rxfp2,4.003158422803956e-08,3.0,3.0
3508,Inh_Emx2_Rxfp2,8.00606510234552e-08,3.0,4.0
3513,Inh_Emx2_Rxfp2,4.003158422803956e-08,3.0,3.0
3522,Inh_Emx2_Rxfp2,1.3343022265138534e-07,3.0,5.0
3524,Inh_Emx2_Rxfp2,8.00606510234552e-08,3.0,4.0
3575,Inh_Emx2_Rxfp2,4.003158422803956e-08,3.0,3.0
1523,Inh_Esr2_Avp_1,4.003158422803956e-08,3.0,3.0
1548,Inh_Esr2_Tac2_2,8.00606510234552e-08,4.0,3.0
1856,Inh_Esr2_Tac2_2,1.6011123267262136e-07,4.0,4.0
4236,Inh_Esr2_Tac2_2,1.6011123267262136e-07,4.0,4.0
3839,Inh_Etv3l_Sulf1_2,4.003158422803956e-08,3.0,3.0
2958,Inh_Exd1_Arhgap9_1,2.668352727575654e-07,4.0,5.0
2952,Inh_Fbxl7_9130008F23Rik,4.003158422803956e-08,3.0,3.0
3995,Inh_Fbxl7_9130008F23Rik,4.003158422803956e-08,3.0,3.0
3434,Inh_Fbxl7_Adad2_2,8.00606510234552e-08,4.0,3.0
3837,Inh_Fbxl7_Adad2_2,8.00606510234552e-08,4.0,3.0
3842,Inh_Fbxl7_Col6a1_1,2.668352727575654e-07,5.0,4.0
4086,Inh_Fbxl7_Cyp26b1_1,8.00606510234552e-08,4.0,3.0
3992,Inh_Fbxl7_Cyp26b1_6,4.003158422803956e-08,3.0,3.0
24742,Inh_Fbxl7_Hmcn1_1,2.668352727575654e-07,4.0,5.0
1161,Inh_Fbxl7_Npy2r,8.00606510234552e-08,4.0,3.0
1664,Inh_Fbxl7_Npy2r,1.6011123267262136e-07,4.0,4.0
4051,Inh_Fbxl7_Pkhd1l1,1.3344280981450513e-08,2.0,3.0
4053,Inh_Fbxl7_Pkhd1l1,1.3344280981450513e-08,2.0,3.0
1633,Inh_Foxa2_Upp1_1,1.6011123267262136e-07,4.0,4.0
3349,Inh_Foxa2_Upp1_2,1.3344280981450513e-08,2.0,3.0
1839,Inh_Foxd3_Bnc2_3,1.6011123267262136e-07,4.0,4.0
1646,Inh_Foxd3_Ifit3,1.6011123267262136e-07,4.0,4.0
758,Inh_Foxd3_Ifit3,2.668352727575654e-07,4.0,5.0
2954,Inh_Foxd3_Slc16a12_1,4.448093660483505e-08,5.0,2.0
4682,Inh_Foxd3_Sp9,8.00606510234552e-08,3.0,4.0
3837,Inh_Foxl3_Qrfpr,4.003158422803956e-08,3.0,3.0
2784,Inh_Foxp2_Bmp3_3,2.0013904039551817e-07,6.0,3.0
686,Inh_Foxp2_Bmp3_3,6.669623325249725e-07,6.0,5.0
4404,Inh_Foxp2_Bmp3_4,8.00606510234552e-08,3.0,4.0
24713,Inh_Foxp2_Foxd3_1,8.00606510234552e-08,4.0,3.0
24727,Inh_Foxp2_Foxd3_1,4.002277374816599e-07,4.0,6.0
24747,Inh_Foxp2_Foxd3_1,1.6011123267262136e-07,4.0,4.0
2922,Inh_Foxp2_Foxd3_1,2.668352727575654e-07,4.0,5.0
3734,Inh_Foxp2_Foxd3_1,1.6011123267262136e-07,4.0,4.0
192,Inh_Foxp2_Irak3_1,1.8667899491132256e-06,6.0,8.0
4126,Inh_Foxp2_Irak3_1,6.669623325249725e-07,6.0,5.0
950,Inh_Foxp2_Irak3_1,6.669623325249725e-07,6.0,5.0
3713,Inh_Foxp2_Kcnj2_2,1.3344280981450513e-08,3.0,2.0
2512,Inh_Foxp2_Lbhd2_1,8.00606510234552e-08,4.0,3.0
2515,Inh_Foxp2_Lbhd2_1,8.00606510234552e-08,4.0,3.0
2933,Inh_Foxp2_Lbhd2_1,1.6011123267262136e-07,4.0,4.0
2962,Inh_Foxp2_Lbhd2_1,8.00606510234552e-08,4.0,3.0
3764,Inh_Foxp2_Lbhd2_2,8.00606510234552e-08,4.0,3.0
3863,Inh_Foxp2_Lbhd2_2,2.668352727575654e-07,4.0,5.0
4722,Inh_Foxp2_Lbhd2_2,8.00606510234552e-08,4.0,3.0
2173,Inh_Foxp2_Nccrp1,8.00606510234552e-08,3.0,4.0
3571,Inh_Foxp2_Nccrp1,4.003158422803956e-08,3.0,3.0
5001,Inh_Foxp2_Olfm4_1,4.002277374816599e-07,4.0,6.0
1903,Inh_Foxp2_Qrfprl_2,4.002277374816599e-07,4.0,6.0
4188,Inh_Foxp2_Sox2_1,8.00606510234552e-08,4.0,3.0
3207,Inh_Foxp2_Sox2_3,6.293581559897427e-12,3.0,5.0
3218,Inh_Foxp2_Sox2_3,2.5174326239589706e-12,3.0,4.0
2960,Inh_Foxp2_Sox2_4,1.3344280981450513e-08,3.0,2.0
3975,Inh_Foxp2_Ssc5d_1,1.3343022265138534e-07,5.0,3.0
3978,Inh_Foxp2_Ssc5d_1,2.668352727575654e-07,5.0,4.0
3979,Inh_Foxp2_Ssc5d_2,1.6011123267262136e-07,4.0,4.0
1490,Inh_Frm7_Otop1_3,2.668352727575654e-07,4.0,5.0
1332,Inh_Frmd7_Ano2_1,1.400268588628408e-06,7.0,6.0
177,Inh_Frmd7_Ano2_1,2.6130128609679163e-06,7.0,8.0
1301,Inh_Frmd7_Ano2_2,6.672140490725257e-08,6.0,2.0
843,Inh_Frmd7_Ano2_2,1.000317667226508e-06,6.0,6.0
1320,Inh_Frmd7_Col12a1,1.6011123267262136e-07,4.0,4.0
1353,Inh_Frmd7_Col12a1,2.668352727575654e-07,4.0,5.0
1354,Inh_Frmd7_Col12a1,1.6011123267262136e-07,4.0,4.0
1355,Inh_Frmd7_Col12a1,2.668352727575654e-07,4.0,5.0
1307,Inh_Frmd7_Crhbp_2,1.000317667226508e-06,6.0,6.0
438,Inh_Frmd7_Emp2_2,2.6688561962901027e-08,4.0,2.0
1331,Inh_Frmd7_Olfr142_2,2.668352727575654e-07,4.0,5.0
1318,Inh_Frmd7_Stk33_1,2.668352727575654e-07,5.0,4.0
1299,Inh_Frmd7_Stk33_3,4.003158422803956e-08,3.0,3.0
1322,Inh_Frmd7_Stk33_3,8.00606510234552e-08,3.0,4.0
1317,Inh_Frmd7_Trhr_1,8.00606510234552e-08,3.0,4.0
3846,Inh_Gata2_Gxylt2_2,8.00606510234552e-08,4.0,3.0
3193,Inh_Gata3_Aldh1a2,4.003158422803956e-08,3.0,3.0
3426,Inh_Gata3_Aldh1a2,8.00606510234552e-08,3.0,4.0
3207,Inh_Gata3_Arid3c,2.668352727575654e-07,4.0,5.0
3218,Inh_Gata3_Arid3c,1.6011123267262136e-07,4.0,4.0
3393,Inh_Gata3_Cdh23_1,8.00606510234552e-08,4.0,3.0
24717,Inh_Gata3_Cdh3_2,8.00606510234552e-08,3.0,4.0
3233,Inh_Gata3_Chrna5,4.003158422803956e-08,3.0,3.0
3240,Inh_Gata3_Chrna5,4.003158422803956e-08,3.0,3.0
1746,Inh_Gata3_Dkk1_1,4.003158422803956e-08,3.0,3.0
1788,Inh_Gata3_Frem2,2.668352727575654e-07,4.0,5.0
3122,Inh_Gata3_Frem2,1.6011123267262136e-07,4.0,4.0
3429,Inh_Gata3_Frem2,1.6011123267262136e-07,4.0,4.0
403,Inh_Gata3_Frem2,8.00606510234552e-08,4.0,3.0
2559,Inh_Gata3_Gda_1,2.668352727575654e-07,4.0,5.0
4376,Inh_Gata3_Gda_1,2.6688561962901027e-08,4.0,2.0
1290,Inh_Gata3_Gdpd2_2,4.003158422803956e-08,3.0,3.0
3337,Inh_Gata3_Lrrc38,8.00606510234552e-08,3.0,4.0
4808,Inh_Gata3_Lrrc38,4.003158422803956e-08,3.0,3.0
4188,Inh_Gata3_Msx1_1,8.00606510234552e-08,4.0,3.0
4188,Inh_Gata3_Msx1_3,8.00606510234552e-08,4.0,3.0
3401,Inh_Gata3_Nkx2-2_1,1.6011123267262136e-07,4.0,4.0
5057,Inh_Gata3_Nkx2-2_Cfap100_2,2.668352727575654e-07,4.0,5.0
3275,Inh_Gata3_Nkx2-2_Npy,8.00606510234552e-08,4.0,3.0
4767,Inh_Gata3_Nkx2-2_Npy,2.6688561962901027e-08,4.0,2.0
1735,Inh_Gata3_Npy2r_3,4.003158422803956e-08,3.0,3.0
4816,Inh_Gata3_Nts,1.6011123267262136e-07,4.0,4.0
747,Inh_Gata3_Pdlim3_2,1.6011123267262136e-07,4.0,4.0
3991,Inh_Gata3_Pdlim3_3,8.00606510234552e-08,4.0,3.0
5043,Inh_Gata3_Qrfpr_1,2.668352727575654e-07,4.0,5.0
1215,Inh_Gata3_Qrfprl_1,2.668352727575654e-07,4.0,5.0
3480,Inh_Gata3_Qrfprl_1,1.6011123267262136e-07,4.0,4.0
3229,Inh_Gata3_Qrfprl_3,6.29269105954576e-11,5.0,5.0
3231,Inh_Gata3_Qrfprl_3,1.3343022265138534e-07,5.0,3.0
3239,Inh_Gata3_Sall1_1,8.00606510234552e-08,4.0,3.0
3248,Inh_Gata3_Sall1_1,8.00606510234552e-08,4.0,3.0
4013,Inh_Gata3_Sall1_1,1.6011123267262136e-07,4.0,4.0
959,Inh_Gata3_Sox14_1,9.336591803261916e-07,5.0,7.0
3188,Inh_Gata3_Sox14_2,8.00606510234552e-08,4.0,3.0
1858,Inh_Gata3_Tecrl_2,1.6011123267262136e-07,4.0,4.0
1850,Inh_Gata3_Tll2_1,8.00606510234552e-08,3.0,4.0
4188,Inh_Gata3_Tnc_1,8.00606510234552e-08,4.0,3.0
3174,Inh_Gata3_Tnc_2,2.668352727575654e-07,4.0,5.0
4188,Inh_Gata3_Tnc_2,8.00606510234552e-08,4.0,3.0
1192,Inh_Gata3_Tnni3_2,4.003158422803956e-08,3.0,3.0
3226,Inh_Gata3_Tnnt1_1,4.003158422803956e-08,3.0,3.0
3196,Inh_Gata3_Tnnt1_2,4.003158422803956e-08,3.0,3.0
3205,Inh_Gata3_Tnnt1_2,4.003158422803956e-08,3.0,3.0
3206,Inh_Gata3_Tnnt1_4,8.00606510234552e-08,4.0,3.0
488,Inh_Gata3_Tnnt1_4,2.668352727575654e-07,4.0,5.0
3394,Inh_Gata3_Trh,8.00606510234552e-08,4.0,3.0
1588,Inh_Gbx1_Atp8b1_6,1.3344280981450513e-08,3.0,2.0
743,Inh_Gbx1_Htr1a_1,1.3343022265138534e-07,5.0,3.0
1655,Inh_Gbx1_Htr1a_2,2.6688561962901027e-08,4.0,2.0
821,Inh_Gbx1_Htr1a_2,1.6011123267262136e-07,4.0,4.0
1588,Inh_Gbx1_Htr1a_5,1.3344280981450513e-08,3.0,2.0
820,Inh_Gbx1_Htr1a_9,8.00606510234552e-08,4.0,3.0
3387,Inh_Hmcn1_Sycp2l_1,4.002277374816599e-07,6.0,4.0
3532,Inh_Hmcn1_Sycp2l_1,2.0013904039551817e-07,6.0,3.0
4490,Inh_Hmcn1_Sycp2l_1,4.002277374816599e-07,6.0,4.0
4662,Inh_Hmcn1_Sycp2l_1,6.669623325249725e-07,6.0,5.0
24727,Inh_Hmcn1_Sycp2l_2,6.669623325249725e-07,5.0,6.0
1254,Inh_Hmcn1_Sycp2l_6,2.668352727575654e-07,4.0,5.0
923,Inh_Hmcn1_Sycp2l_6,4.002277374816599e-07,4.0,6.0
3387,Inh_Hmcn1_Sycp2l_7,1.6011123267262136e-07,4.0,4.0
3532,Inh_Hmcn1_Sycp2l_7,8.00606510234552e-08,4.0,3.0
4490,Inh_Hmcn1_Sycp2l_7,1.6011123267262136e-07,4.0,4.0
34187,Inh_Hoxa5_Galr1_3,8.00606510234552e-08,4.0,3.0
4142,Inh_Hoxa5_Galr1_3,1.6011123267262136e-07,4.0,4.0
3148,Inh_Hoxb5_Esr2_2,2.668352727575654e-07,5.0,4.0
24727,Inh_Hoxb5_Sytl5_1,4.002277374816599e-07,4.0,6.0
2922,Inh_Hoxb5_Sytl5_3,4.44683503322212e-07,5.0,5.0
24713,Inh_Hoxb5_Tal1_1,4.003158422803956e-08,3.0,3.0
24727,Inh_Hoxb5_Tal1_1,2.0013904039551817e-07,3.0,6.0
3150,Inh_Hoxb5_Tal1_2,2.668352727575654e-07,5.0,4.0
1772,Inh_Hoxc4_Chrdl2_1,1.6011123267262136e-07,4.0,4.0
3723,Inh_Hoxc4_Chrdl2_2,2.6688561962901027e-08,4.0,2.0
4371,Inh_Hoxc4_Chrdl2_3,1.6011123267262136e-07,4.0,4.0
3443,Inh_Hoxc4_Chrdl2_4,1.3343022265138534e-07,3.0,5.0
2682,Inh_Hoxc4_Esm1,8.00606510234552e-08,4.0,3.0
4369,Inh_Hoxc4_Esm1,8.00606510234552e-08,4.0,3.0
4383,Inh_Hoxc4_Fbln2_2,1.6011123267262136e-07,4.0,4.0
2032,Inh_Hoxc4_Fbln2_3,8.00606510234552e-08,4.0,3.0
4378,Inh_Hoxc4_Fbln2_3,1.6011123267262136e-07,4.0,4.0
4372,Inh_Hoxc4_Sgo2b_2,2.6688561962901027e-08,4.0,2.0
4362,Inh_Hoxc4_Tfap2b,4.002277374816599e-07,4.0,6.0
4364,Inh_Hoxc4_Tfap2b,2.668352727575654e-07,4.0,5.0
4396,Inh_Hoxc4_Tfap2b,8.00606510234552e-08,4.0,3.0
4631,Inh_Hoxc4_Ttc6_2,2.6688561962901027e-08,4.0,2.0
693,Inh_Htr3a_Cxcl14_2,1.6011123267262136e-07,4.0,4.0
657,Inh_Htr3a_Grpr_2,8.00606510234552e-08,4.0,3.0
1177,Inh_Htr3a_Grpr_3,1.3343022265138534e-07,3.0,5.0
674,Inh_Htr3a_Ibsp_3,8.00606510234552e-08,3.0,4.0
1349,Inh_Htr3a_Nr2e1_2,1.6011123267262136e-07,4.0,4.0
682,Inh_Htr3a_Prom1_2,4.003158422803956e-08,3.0,3.0
1349,Inh_Htr3a_Tcim_1,1.6011123267262136e-07,4.0,4.0
3365,Inh_Irx3_Hmcn1,8.00606510234552e-08,4.0,3.0
932,Inh_Irx3_Hmcn1,1.6011123267262136e-07,4.0,4.0
2958,Inh_Irx3_Sox14,6.669623325249725e-07,6.0,5.0
3148,Inh_Irx3_Sox14,4.002277374816599e-07,6.0,4.0
3367,Inh_Irx3_Sox14,8.904499474125873e-15,6.0,5.0
3842,Inh_Irx3_Sox14,4.002277374816599e-07,6.0,4.0
2329,Inh_Irx5_Tafa4_1,1.6011123267262136e-07,4.0,4.0
2952,Inh_Irx5_Tafa4_1,8.00606510234552e-08,4.0,3.0
2955,Inh_Irx5_Tafa4_1,8.00606510234552e-08,4.0,3.0
783,Inh_Irx5_Tafa4_2,2.6688561962901027e-08,4.0,2.0
1132,Inh_Isl1_Drd1_Folh1_1,1.3343022265138534e-07,3.0,5.0
1715,Inh_Klhl14_Gpr101,1.3343022265138534e-07,3.0,5.0
1758,Inh_Klhl14_Gpr101,2.0013904039551817e-07,3.0,6.0
2233,Inh_Lamp5_Egln3_Tgfbi,8.00606510234552e-08,3.0,4.0
697,Inh_Lamp5_Ndnf_Tgfbi,8.00606510234552e-08,4.0,3.0
702,Inh_Lamp5_Ndnf_Tgfbi,2.668352727575654e-07,4.0,5.0
705,Inh_Lamp5_Ndnf_Tgfbi,2.668352727575654e-07,4.0,5.0
707,Inh_Lamp5_Ndnf_Tgfbi,2.668352727575654e-07,4.0,5.0
714,Inh_Lamp5_Ndnf_Tgfbi,4.002277374816599e-07,4.0,6.0
718,Inh_Lamp5_Ndnf_Tgfbi,1.6011123267262136e-07,4.0,4.0
4921,Inh_Lhx1_Acan,1.6011123267262136e-07,4.0,4.0
854,Inh_Lhx1_Col8a1_Otx1,4.44683503322212e-07,5.0,5.0
3417,Inh_Lhx1_Colq,8.00606510234552e-08,3.0,4.0
1528,Inh_Lhx1_Corin,6.669623325249725e-07,5.0,6.0
3428,Inh_Lhx1_Dach2_1,1.3343022265138534e-07,5.0,3.0
3404,Inh_Lhx1_Dach2_2,1.6011123267262136e-07,4.0,4.0
3300,Inh_Lhx1_Dach2_3,4.448093660483505e-08,5.0,2.0
3430,Inh_Lhx1_Dach2_3,1.3343022265138534e-07,5.0,3.0
4921,Inh_Lhx1_Dach2_4,1.6011123267262136e-07,4.0,4.0
1185,Inh_Lhx1_Dlk1_2,4.002277374816599e-07,6.0,4.0
1201,Inh_Lhx1_Dlk1_2,1.000317667226508e-06,6.0,6.0
1041,Inh_Lhx1_Dlk1_3,6.669623325249725e-07,5.0,6.0
1490,Inh_Lhx1_Dlk1_3,4.44683503322212e-07,5.0,5.0
1760,Inh_Lhx1_Dlk1_3,4.44683503322212e-07,5.0,5.0
3207,Inh_Lhx1_Dlk1_3,4.44683503322212e-07,5.0,5.0
1670,Inh_Lhx1_Dlk1_5,8.00606510234552e-08,4.0,3.0
1894,Inh_Lhx1_Dlk1_7,1.6011123267262136e-07,4.0,4.0
3174,Inh_Lhx1_Egflam_1,6.669623325249725e-07,6.0,5.0
34185,Inh_Lhx1_Egflam_1,1.000317667226508e-06,6.0,6.0
3300,Inh_Lhx1_Egflam_6,2.6688561962901027e-08,4.0,2.0
3689,Inh_Lhx1_Emx2_3,4.003158422803956e-08,3.0,3.0
1699,Inh_Lhx1_Erfl_2,4.4480936604835055e-09,2.0,2.0
1024,Inh_Lhx1_Fgf5,1.6011123267262136e-07,4.0,4.0
5043,Inh_Lhx1_Fgf5,2.668352727575654e-07,4.0,5.0
1688,Inh_Lhx1_Lrrc38_2,1.6011123267262136e-07,4.0,4.0
1689,Inh_Lhx1_Lrrc38_2,1.6011123267262136e-07,4.0,4.0
1695,Inh_Lhx1_Lrrc38_2,2.6688561962901027e-08,4.0,2.0
3151,Inh_Lhx1_Lrrc38_2,8.00606510234552e-08,4.0,3.0
3193,Inh_Lhx1_Mc4r,1.3343022265138534e-07,5.0,3.0
3390,Inh_Lhx1_Mc4r,2.668352727575654e-07,5.0,4.0
3421,Inh_Lhx1_Mc4r,2.668352727575654e-07,5.0,4.0
3426,Inh_Lhx1_Mc4r,2.668352727575654e-07,5.0,4.0
3429,Inh_Lhx1_Mc4r,2.668352727575654e-07,5.0,4.0
1649,Inh_Lhx1_Nmbr_2,2.6688561962901027e-08,4.0,2.0
46,Inh_Lhx1_Npy,1.3343022265138534e-07,5.0,3.0
177,Inh_Lhx1_Otp_1,2.6130128609679163e-06,7.0,8.0
3863,Inh_Lhx1_Otp_1,9.336591803261916e-07,7.0,5.0
2923,Inh_Lhx1_Otp_2,1.6011123267262136e-07,4.0,4.0
3418,Inh_Lhx1_Pax3_2,1.6011123267262136e-07,4.0,4.0
1442,Inh_Lhx1_Pnoc,1.6011123267262136e-07,4.0,4.0
3193,Inh_Lhx1_Sox14,1.3343022265138534e-07,5.0,3.0
3390,Inh_Lhx1_Sox14,2.668352727575654e-07,5.0,4.0
3421,Inh_Lhx1_Sox14,2.668352727575654e-07,5.0,4.0
3426,Inh_Lhx1_Sox14,2.668352727575654e-07,5.0,4.0
3429,Inh_Lhx1_Sox14,2.668352727575654e-07,5.0,4.0
1754,Inh_Lhx1_Vsir_5,8.00606510234552e-08,4.0,3.0
1787,Inh_Lhx1_Wnt5a_2,8.00606510234552e-08,4.0,3.0
2833,Inh_Lhx1_Wnt5a_3,1.6011123267262136e-07,4.0,4.0
3181,Inh_Lhx1_Wnt5a_3,8.00606510234552e-08,4.0,3.0
736,Inh_Lhx6_A730046J19Rik_1,1.6011123267262136e-07,4.0,4.0
1904,Inh_Lhx6_Arhgap28_1,2.668352727575654e-07,4.0,5.0
591,Inh_Lhx6_Arhgap28_3,1.6011123267262136e-07,4.0,4.0
729,Inh_Lhx6_Car8_1,5.602835934044848e-07,7.0,4.0
260,Inh_Lhx6_Car8_5,4.44683503322212e-07,5.0,5.0
1213,Inh_Lhx6_Car8_6,1.6011123267262136e-07,4.0,4.0
538,Inh_Lhx6_Cox6a2_Nxph2_2,4.002277374816599e-07,4.0,6.0
538,Inh_Lhx6_Cox6a2_Rxfp3,2.0013904039551817e-07,3.0,6.0
539,Inh_Lhx6_Cox6a2_Rxfp3,4.003158422803956e-08,3.0,3.0
609,Inh_Lhx6_Cox6a2_Rxfp3,8.00606510234552e-08,3.0,4.0
1251,Inh_Lhx6_Crhbp_2,2.668352727575654e-07,4.0,5.0
1228,Inh_Lhx6_Cyp19a1,1.6011123267262136e-07,4.0,4.0
1253,Inh_Lhx6_Cyp19a1,1.6011123267262136e-07,4.0,4.0
1099,Inh_Lhx6_Esr2_12,4.003158422803956e-08,3.0,3.0
1105,Inh_Lhx6_Esr2_12,1.3343022265138534e-07,3.0,5.0
1122,Inh_Lhx6_Esr2_12,8.00606510234552e-08,3.0,4.0
5354,Inh_Lhx6_Esr2_12,8.00606510234552e-08,3.0,4.0
1238,Inh_Lhx6_Esr2_14,8.00606510234552e-08,4.0,3.0
1104,Inh_Lhx6_Esr2_15,1.6011123267262136e-07,4.0,4.0
1226,Inh_Lhx6_Esr2_16,2.6688561962901027e-08,2.0,4.0
1239,Inh_Lhx6_Esr2_16,2.6688561962901027e-08,2.0,4.0
1244,Inh_Lhx6_Esr2_16,1.3344280981450513e-08,2.0,3.0
591,Inh_Lhx6_Esr2_3,4.002277374816599e-07,6.0,4.0
1121,Inh_Lhx6_Esr2_4,4.448093660483505e-08,5.0,2.0
744,Inh_Lhx6_Gm8113_Pthlh,8.00606510234552e-08,3.0,4.0
3229,Inh_Lhx6_Gpr174_1,1.3343022265138534e-07,3.0,5.0
832,Inh_Lhx6_Gpr174_1,4.003158422803956e-08,3.0,3.0
1251,Inh_Lhx6_Kcnmb1_1,4.44683503322212e-07,5.0,5.0
1251,Inh_Lhx6_Kcnmb1_2,4.44683503322212e-07,5.0,5.0
1251,Inh_Lhx6_Kcnmb1_3,4.44683503322212e-07,5.0,5.0
726,Inh_Lhx6_Lamp5_Hcrtr2,8.00606510234552e-08,3.0,4.0
756,Inh_Lhx6_Moxd1_2,8.00606510234552e-08,4.0,3.0
1228,Inh_Lhx6_Myo1h_1,1.6011123267262136e-07,4.0,4.0
1253,Inh_Lhx6_Myo1h_1,1.6011123267262136e-07,4.0,4.0
1903,Inh_Lhx6_Nmu_4,4.002277374816599e-07,4.0,6.0
1218,Inh_Lhx6_Npy_1,2.668352727575654e-07,4.0,5.0
59,Inh_Lhx6_Npy_2,4.002277374816599e-07,4.0,6.0
1224,Inh_Lhx6_Npy_3,4.002277374816599e-07,4.0,6.0
3229,Inh_Lhx6_Npy_4,2.668352727575654e-07,4.0,5.0
1207,Inh_Lhx6_Nr2e1_1,1.6011123267262136e-07,4.0,4.0
1208,Inh_Lhx6_Nr2e1_1,1.6011123267262136e-07,4.0,4.0
1213,Inh_Lhx6_Nr2e1_1,1.6011123267262136e-07,4.0,4.0
1207,Inh_Lhx6_Nr2e1_2,2.5174326239589706e-12,3.0,4.0
1208,Inh_Lhx6_Nr2e1_2,8.00606510234552e-08,3.0,4.0
1242,Inh_Lhx6_Nr2e1_2,8.00606510234552e-08,3.0,4.0
2639,Inh_Lhx6_Nr2e1_2,1.3344280981450513e-08,3.0,2.0
572,Inh_Lhx6_Pthlh,8.00606510234552e-08,3.0,4.0
1228,Inh_Lhx6_Scara5,8.00606510234552e-08,3.0,4.0
1253,Inh_Lhx6_Scara5,8.00606510234552e-08,3.0,4.0
755,Inh_Lhx6_Sctr_1,2.6688561962901027e-08,2.0,4.0
768,Inh_Lhx6_Sfrp1_1,4.003158422803956e-08,3.0,3.0
978,Inh_Lhx6_Sfrp1_4,1.6011123267262136e-07,4.0,4.0
767,Inh_Lhx6_Sst_Chodl_1,4.003158422803956e-08,3.0,3.0
1487,Inh_Lhx6_Sst_Chodl_2,1.6011123267262136e-07,4.0,4.0
519,Inh_Lhx6_Sst_Col6a5_6,4.003158422803956e-08,3.0,3.0
2676,Inh_Lhx6_Sst_Crh_Nnmt_4,4.448093660483505e-08,5.0,2.0
4779,Inh_Lhx6_Sst_Crhbp,1.3344280981450513e-08,3.0,2.0
501,Inh_Lhx6_Sst_Crhr2_Stac,2.0013904039551817e-07,3.0,6.0
1197,Inh_Lhx6_Sst_Ctsc_2,8.00606510234552e-08,4.0,3.0
3030,Inh_Lhx6_Sst_Ctsc_4,8.00606510234552e-08,4.0,3.0
538,Inh_Lhx6_Sst_Ctsc_7,6.669623325249725e-07,5.0,6.0
539,Inh_Lhx6_Sst_Ctsc_7,1.3343022265138534e-07,5.0,3.0
609,Inh_Lhx6_Sst_Ctsc_7,2.668352727575654e-07,5.0,4.0
611,Inh_Lhx6_Sst_Ctsc_8,4.002277374816599e-07,6.0,4.0
496,Inh_Lhx6_Sst_Npffr1_Rgs6,4.44683503322212e-07,5.0,5.0
262,Inh_Lhx6_Th_Crh,1.6011123267262136e-07,4.0,4.0
798,Inh_Lhx6_Th_Crh,1.6011123267262136e-07,4.0,4.0
801,Inh_Lhx6_Th_Crh,1.6011123267262136e-07,4.0,4.0
802,Inh_Lhx6_Th_Crh,1.6011123267262136e-07,4.0,4.0
3567,Inh_Lhx8_Arhgef38_1,2.668352727575654e-07,5.0,4.0
745,Inh_Lhx8_Arhgef38_1,9.336591803261916e-07,5.0,7.0
1522,Inh_Lhx8_Arhgef38_2,2.668352727575654e-07,5.0,4.0
5060,Inh_Lhx8_Arhgef38_3,4.44683503322212e-07,5.0,5.0
581,Inh_Lhx8_Arhgef38_3,2.668352727575654e-07,5.0,4.0
15062,Inh_Lhx8_Chodl,2.8018584553954155e-07,3.0,7.0
1561,Inh_Lhx8_Lypd6,8.00606510234552e-08,4.0,3.0
736,Inh_Lhx8_Lypd6,1.6011123267262136e-07,4.0,4.0
1202,Inh_Lhx8_Nmu,1.3343022265138534e-07,3.0,5.0
1560,Inh_Lhx8_Pde11a_1,4.003158422803956e-08,3.0,3.0
1563,Inh_Lhx8_Pde11a_1,4.003158422803956e-08,3.0,3.0
883,Inh_Lhx8_Pde11a_10,4.002277374816599e-07,4.0,6.0
4358,Inh_Lhx8_Pde11a_12,8.00606510234552e-08,4.0,3.0
804,Inh_Lhx8_Pde11a_12,1.6011123267262136e-07,4.0,4.0
1560,Inh_Lhx8_Pde11a_2,4.003158422803956e-08,3.0,3.0
1563,Inh_Lhx8_Pde11a_2,4.003158422803956e-08,3.0,3.0
883,Inh_Lhx8_Pde11a_2,2.0013904039551817e-07,3.0,6.0
1567,Inh_Lhx8_Pde11a_4,1.6011123267262136e-07,4.0,4.0
1561,Inh_Lhx8_Pde11a_5,8.00606510234552e-08,4.0,3.0
883,Inh_Lhx8_Pde11a_5,4.002277374816599e-07,4.0,6.0
736,Inh_Lhx8_Pde11a_6,4.002277374816599e-07,6.0,4.0
1590,Inh_Lhx8_Pde11a_7,2.0013904039551817e-07,6.0,3.0
1561,Inh_Lhx8_Pde11a_8,1.3343022265138534e-07,5.0,3.0
359,Inh_Lhx8_Pde11a_8,2.668352727575654e-07,5.0,4.0
1560,Inh_Lhx8_Pde11a_9,8.00606510234552e-08,4.0,3.0
1563,Inh_Lhx8_Pde11a_9,8.00606510234552e-08,4.0,3.0
840,Inh_Lmo2_Chrna2_2,1.3344280981450513e-08,3.0,2.0
4863,Inh_Lmo7_Fbln1_1,2.668352727575654e-07,5.0,4.0
3040,Inh_Lmo7_Fbln1_3,1.6011123267262136e-07,4.0,4.0
1528,Inh_Meox2_Sox14,2.0013904039551817e-07,3.0,6.0
738,Inh_Nkx2-1_Gm8113_3,2.668352727575654e-07,5.0,4.0
736,Inh_Nkx2-1_Sst_1,1.6011123267262136e-07,4.0,4.0
891,Inh_Nkx2-1_Sst_1,1.6011123267262136e-07,4.0,4.0
523,Inh_Nkx2-1_Sst_2,4.002277374816599e-07,4.0,6.0
538,Inh_Nkx2-1_Sst_2,4.002277374816599e-07,4.0,6.0
563,Inh_Nkx2-1_Sst_2,1.6011123267262136e-07,4.0,4.0
3475,Inh_Nkx2-2_Bcam_1,8.00606510234552e-08,4.0,3.0
3401,Inh_Nkx2-2_Bcam_2,8.00606510234552e-08,3.0,4.0
3475,Inh_Nkx2-2_Cd40_2,1.3343022265138534e-07,5.0,3.0
4962,Inh_Nkx2-2_Dact1,2.6688561962901027e-08,4.0,2.0
3397,Inh_Nkx2-2_Ecel1_2,1.6011123267262136e-07,4.0,4.0
3398,Inh_Nkx2-2_Ecel1_2,2.668352727575654e-07,4.0,5.0
4127,Inh_Nkx2-2_Gal,4.002277374816599e-07,4.0,6.0
3387,Inh_Nkx2-2_Gata2_1,1.6011123267262136e-07,4.0,4.0
3396,Inh_Nkx2-2_Gata2_1,2.668352727575654e-07,4.0,5.0
3255,Inh_Nkx2-2_Gata2_5,6.293581559897426e-13,3.0,3.0
2568,Inh_Nkx2-2_Gata2_9,8.00606510234552e-08,3.0,4.0
1794,Inh_Nkx2-2_Glp1r_Trh_1,1.3343022265138534e-07,3.0,5.0
3405,Inh_Nkx2-2_Glp1r_Trh_2,8.00606510234552e-08,4.0,3.0
1791,Inh_Nkx2-2_Glp1r_Trh_3,8.00606510234552e-08,3.0,4.0
3388,Inh_Nkx2-2_Glp1r_Trh_3,8.00606510234552e-08,3.0,4.0
1646,Inh_Nkx2-2_Gm16223_1,1.6011123267262136e-07,4.0,4.0
1657,Inh_Nkx2-2_Gm16223_2,8.00606510234552e-08,4.0,3.0
3122,Inh_Nkx2-2_Il20ra,1.6011123267262136e-07,4.0,4.0
1646,Inh_Nkx2-2_Mafb_1,1.6011123267262136e-07,4.0,4.0
3401,Inh_Nkx2-2_Npy_3,8.00606510234552e-08,3.0,4.0
1564,Inh_Nkx2-2_Pnoc_1,8.00606510234552e-08,4.0,3.0
591,Inh_Nkx2-2_Pnoc_2,8.00606510234552e-08,3.0,4.0
1646,Inh_Nkx2-2_Ppp1r17,8.00606510234552e-08,3.0,4.0
1677,Inh_Nkx2-2_Ppp1r17,4.003158422803956e-08,3.0,3.0
3330,Inh_Nkx2-2_Prrxl1,4.003158422803956e-08,3.0,3.0
3401,Inh_Nkx2-2_Rab3b_1,2.668352727575654e-07,5.0,4.0
3401,Inh_Nkx2-2_Tpm2_1,2.668352727575654e-07,5.0,4.0
2024,Inh_Nkx2-2_Trh_1,1.6011123267262136e-07,4.0,4.0
4834,Inh_Nkx2-2_Tspo2_1,8.00606510234552e-08,4.0,3.0
3475,Inh_Nkx2-2_Vip,8.00606510234552e-08,4.0,3.0
4558,Inh_Onecut1_Frem3,1.4670402727419143e-06,4.0,11.0
4072,Inh_Onecut1_Met_4,2.6688561962901027e-08,4.0,2.0
3734,Inh_Onecut1_Slc16a12,8.00606510234552e-08,3.0,4.0
24742,Inh_Onecut1_Sncg_1,2.668352727575654e-07,4.0,5.0
34380,Inh_Onecut1_Sncg_1,2.6688561962901027e-08,4.0,2.0
34380,Inh_Onecut1_Sncg_2,2.6688561962901027e-08,4.0,2.0
1666,Inh_Onecut3_Catspere1_1,8.00606510234552e-08,4.0,3.0
24730,Inh_Onecut3_Catspere1_1,2.668352727575654e-07,4.0,5.0
3888,Inh_Onecut3_Catspere1_1,1.6011123267262136e-07,4.0,4.0
3888,Inh_Onecut3_Catspere1_2,1.6011123267262136e-07,4.0,4.0
5124,Inh_Onecut3_Catspere1_2,2.668352727575654e-07,4.0,5.0
1518,Inh_Onecut3_Colq_1,1.6011123267262136e-07,4.0,4.0
1758,Inh_Onecut3_Colq_1,4.002277374816599e-07,4.0,6.0
24708,Inh_Onecut3_Crabp1_2,1.6011123267262136e-07,4.0,4.0
4032,Inh_Onecut3_Crabp1_2,8.00606510234552e-08,4.0,3.0
2677,Inh_Onecut3_Esr2_1,1.6011123267262136e-07,4.0,4.0
5408,Inh_Onecut3_Npb_1,2.668352727575654e-07,4.0,5.0
3130,Inh_Onecut3_Otx1,1.6011123267262136e-07,4.0,4.0
3330,Inh_Onecut3_Otx1,8.00606510234552e-08,4.0,3.0
2924,Inh_Onecut3_Uts2b_1,1.6011123267262136e-07,4.0,4.0
1607,Inh_Onecut3_Wnt16,1.3344280981450513e-08,3.0,2.0
3035,Inh_Otx1_Calcr,4.003158422803956e-08,3.0,3.0
3365,Inh_Otx1_Calcr,4.003158422803956e-08,3.0,3.0
4644,Inh_Otx1_Coch_1,4.003158422803956e-08,3.0,3.0
3154,Inh_Otx1_Coch_2,1.6011123267262136e-07,4.0,4.0
3470,Inh_Otx1_Coch_2,1.6011123267262136e-07,4.0,4.0
2092,Inh_Otx1_Fmo1,1.6011123267262136e-07,4.0,4.0
3330,Inh_Otx1_Nrtn_2,1.3343022265138534e-07,5.0,3.0
3152,Inh_Otx1_Pmfbp1,8.00606510234552e-08,4.0,3.0
3421,Inh_Otx1_Pmfbp1,1.6011123267262136e-07,4.0,4.0
3429,Inh_Otx1_Pmfbp1,1.6011123267262136e-07,4.0,4.0
3396,Inh_Otx1_Pmfbp1_2,6.669623325249725e-07,6.0,5.0
104,Inh_Otx2_Bmp4_4,1.3343022265138534e-07,3.0,5.0
3602,Inh_Otx2_Gabrr2_1,1.3343022265138534e-07,3.0,5.0
3606,Inh_Otx2_Gabrr2_2,8.00606510234552e-08,4.0,3.0
1713,Inh_Otx2_Prdm16_2,1.6011123267262136e-07,4.0,4.0
4974,Inh_Otx2_Prdm16_4,8.00606510234552e-08,4.0,3.0
878,Inh_Otx2_Prdm16_4,1.6011123267262136e-07,4.0,4.0
3508,Inh_Otx2_Samsn1_1,8.00606510234552e-08,3.0,4.0
3511,Inh_Otx2_Samsn1_1,8.00606510234552e-08,3.0,4.0
3613,Inh_Otx2_Tnnt1_2,1.6011123267262136e-07,4.0,4.0
3259,Inh_Otx2_Vgll3,8.00606510234552e-08,4.0,3.0
3598,Inh_Otx2_Vgll3,1.6011123267262136e-07,4.0,4.0
4207,Inh_Pax2_6430628N08Rik_1,4.003158422803956e-08,3.0,3.0
3734,Inh_Pax2_A730046J19Rik_2,8.00606510234552e-08,3.0,4.0
4416,Inh_Pax2_Adamts12,2.517254520528354e-11,5.0,4.0
2553,Inh_Pax2_Agtr1b_1,2.668352727575654e-07,4.0,5.0
4421,Inh_Pax2_Agtr1b_1,8.00606510234552e-08,4.0,3.0
4328,Inh_Pax2_Ano1,8.00606510234552e-08,3.0,4.0
2958,Inh_Pax2_Antxr2_3,2.668352727575654e-07,4.0,5.0
3381,Inh_Pax2_Bmp3_2,1.6011123267262136e-07,4.0,4.0
971,Inh_Pax2_Cdh3_2,1.3343022265138534e-07,3.0,5.0
686,Inh_Pax2_Cdh3_4,2.668352727575654e-07,4.0,5.0
524,Inh_Pax2_Cdh3_5,8.00606510234552e-08,4.0,3.0
1989,Inh_Pax2_Cela1,8.00606510234552e-08,3.0,4.0
4086,Inh_Pax2_Cfap299,2.0013904039551817e-07,6.0,3.0
4977,Inh_Pax2_Cfap299,2.0013904039551817e-07,6.0,3.0
4414,Inh_Pax2_Chrdl2_1,1.6011123267262136e-07,4.0,4.0
1283,Inh_Pax2_Chrnb4,8.00606510234552e-08,4.0,3.0
5124,Inh_Pax2_Chrnb4,2.668352727575654e-07,4.0,5.0
2729,Inh_Pax2_Col16a1,2.668352727575654e-07,5.0,4.0
34361,Inh_Pax2_Creb3l3_2,2.6688561962901027e-08,4.0,2.0
3842,Inh_Pax2_Dcn,8.00606510234552e-08,3.0,4.0
1662,Inh_Pax2_Dkk2,1.3343022265138534e-07,3.0,5.0
3763,Inh_Pax2_Dmrt3_5,4.003158422803956e-08,3.0,3.0
2209,Inh_Pax2_Erfl_14,1.3344280981450513e-08,3.0,2.0
2223,Inh_Pax2_Erfl_14,4.003158422803956e-08,3.0,3.0
2479,Inh_Pax2_Erfl_8,1.3343022265138534e-07,3.0,5.0
3349,Inh_Pax2_Erg,4.003158422803956e-08,3.0,3.0
1179,Inh_Pax2_Fst_1,2.668352727575654e-07,4.0,5.0
4120,Inh_Pax2_Gli2_1,4.003158422803956e-08,3.0,3.0
4461,Inh_Pax2_Glp1r_4,1.6011123267262136e-07,4.0,4.0
3344,Inh_Pax2_Hoxb5_Alox5,1.6011123267262136e-07,4.0,4.0
4032,Inh_Pax2_Hoxb5_Hmcn2,8.00606510234552e-08,4.0,3.0
2975,Inh_Pax2_Hoxb5_Otp_2,2.668352727575654e-07,5.0,4.0
3000,Inh_Pax2_Hoxb5_Otp_2,4.44683503322212e-07,5.0,5.0
24718,Inh_Pax2_Hoxb5_Trhr,4.002277374816599e-07,6.0,4.0
4170,Inh_Pax2_Igfbpl1_1,1.3343022265138534e-07,5.0,3.0
2920,Inh_Pax2_Ikzf1_2,8.00606510234552e-08,4.0,3.0
2656,Inh_Pax2_Ikzf1_4,1.6011123267262136e-07,4.0,4.0
3417,Inh_Pax2_Irak3_1,8.00606510234552e-08,3.0,4.0
24711,Inh_Pax2_Irx4_2,8.00606510234552e-08,3.0,4.0
24716,Inh_Pax2_Irx4_2,1.3344280981450513e-08,3.0,2.0
4408,Inh_Pax2_Lpl_2,1.3343022265138534e-07,5.0,3.0
4510,Inh_Pax2_Lpl_3,1.3343022265138534e-07,5.0,3.0
523,Inh_Pax2_Lrp2,4.002277374816599e-07,4.0,6.0
4461,Inh_Pax2_Met_3,1.6011123267262136e-07,4.0,4.0
3057,Inh_Pax2_Mgarp_Tcim,4.003158422803956e-08,3.0,3.0
4093,Inh_Pax2_Morc1,8.00606510234552e-08,4.0,3.0
5022,Inh_Pax2_Morc1,8.00606510234552e-08,4.0,3.0
971,Inh_Pax2_Nkx6-1_2,1.3343022265138534e-07,3.0,5.0
4021,Inh_Pax2_Nkx6-1_Npy2r_1,8.00606510234552e-08,3.0,4.0
24744,Inh_Pax2_Otp_5,1.2447614684668015e-06,5.0,8.0
3734,Inh_Pax2_Otp_5,2.668352727575654e-07,5.0,4.0
4585,Inh_Pax2_Papln_1,1.6011123267262136e-07,4.0,4.0
3510,Inh_Pax2_Postn_2,7.469978074418258e-07,4.0,8.0
1026,Inh_Pax2_Qrfpr,1.6011123267262136e-07,4.0,4.0
4855,Inh_Pax2_Qrfpr,8.00606510234552e-08,4.0,3.0
948,Inh_Pax2_Qrfpr,1.6011123267262136e-07,4.0,4.0
4415,Inh_Pax2_Robo3,1.3343022265138534e-07,5.0,3.0
4423,Inh_Pax2_Robo3,2.668352727575654e-07,5.0,4.0
4424,Inh_Pax2_Robo3,2.668352727575654e-07,5.0,4.0
2568,Inh_Pax2_Rxfp1_2,1.6011123267262136e-07,4.0,4.0
1725,Inh_Pax2_Sgo2b_1,4.448093660483505e-08,5.0,2.0
3537,Inh_Pax2_Slitrk6,2.668352727575654e-07,5.0,4.0
4450,Inh_Pax2_Slitrk6,2.668352727575654e-07,5.0,4.0
4430,Inh_Pax2_Tfap2c_2,4.4480936604835055e-09,2.0,2.0
1985,Inh_Pax2_Tgm6_3,4.003158422803956e-08,3.0,3.0
595,Inh_Pax2_Tgm6_3,8.00606510234552e-08,3.0,4.0
951,Inh_Pax2_Tgm6_3,4.003158422803956e-08,3.0,3.0
4211,Inh_Pax2_Tnfaip8l3,2.668352727575654e-07,4.0,5.0
4436,Inh_Pax2_Tnfaip8l3_1,4.44683503322212e-07,5.0,5.0
4488,Inh_Pax2_Tnfaip8l3_3,1.6011123267262136e-07,4.0,4.0
662,Inh_Pax2_Tnfaip8l3_5,4.002277374816599e-07,6.0,4.0
24742,Inh_Pax2_Trhr,6.669623325249725e-07,6.0,5.0
4272,Inh_Pax2_Trhr,2.0013904039551817e-07,6.0,3.0
4408,Inh_Pax2_Vgll3_1,8.00606510234552e-08,4.0,3.0
4408,Inh_Pax2_Vgll3_12,8.00606510234552e-08,4.0,3.0
24416,Inh_Pax2_Vgll3_13,8.00606510234552e-08,4.0,3.0
899,Inh_Pax2_Vgll3_13,1.6011123267262136e-07,4.0,4.0
4402,Inh_Pax2_Vgll3_15,1.6011123267262136e-07,4.0,4.0
4826,Inh_Pax2_Vgll3_15,2.668352727575654e-07,4.0,5.0
4358,Inh_Pax2_Vgll3_17,8.00606510234552e-08,4.0,3.0
1662,Inh_Pax2_Vgll3_18,2.668352727575654e-07,4.0,5.0
1735,Inh_Pax2_Vgll3_21,4.003158422803956e-08,3.0,3.0
4346,Inh_Pax2_Vgll3_3,1.3343022265138534e-07,5.0,3.0
3173,Inh_Pax3_Calcrl,4.003158422803956e-08,3.0,3.0
3254,Inh_Pax3_Drd1,4.003158422803956e-08,3.0,3.0
3282,Inh_Pax3_Drd1,4.003158422803956e-08,3.0,3.0
3422,Inh_Pax3_Galr1,4.003158422803956e-08,3.0,3.0
3418,Inh_Pax3_Igfbpl1_1,1.6011123267262136e-07,4.0,4.0
3424,Inh_Pax3_Igfbpl1_3,8.00606510234552e-08,4.0,3.0
3423,Inh_Pax3_Moxd1,1.3344280981450513e-08,3.0,2.0
3412,Inh_Pax3_Npy,4.003158422803956e-08,3.0,3.0
3420,Inh_Pax3_Svs5_1,4.4480936604835055e-09,2.0,2.0
3252,Inh_Pax3_Zic1_1,4.003158422803956e-08,3.0,3.0
3274,Inh_Pax3_Zic1_1,4.003158422803956e-08,3.0,3.0
3422,Inh_Pax3_Zic1_1,4.003158422803956e-08,3.0,3.0
2986,Inh_Pax3_Zic1_2,4.003158422803956e-08,3.0,3.0
4014,Inh_Pax3_Zic1_2,8.00606510234552e-08,3.0,4.0
2975,Inh_Pax5_Cckar,2.668352727575654e-07,5.0,4.0
3198,Inh_Pax5_Cdh23,1.3343022265138534e-07,5.0,3.0
3552,Inh_Pax5_Cdh23,4.44683503322212e-07,5.0,5.0
3579,Inh_Pax5_Cdh23,2.668352727575654e-07,5.0,4.0
2941,Inh_Pax5_Erfl_1,2.6688561962901027e-08,4.0,2.0
3304,Inh_Pax5_Erfl_1,2.6688561962901027e-08,4.0,2.0
3728,Inh_Pax5_Erfl_1,2.6688561962901027e-08,4.0,2.0
996,Inh_Pax5_Gdf10_2,1.6011123267262136e-07,4.0,4.0
2941,Inh_Pax5_Irak3,2.6688561962901027e-08,4.0,2.0
3044,Inh_Pax5_Irak3,8.00606510234552e-08,4.0,3.0
874,Inh_Pax5_Irs4_1,1.6011123267262136e-07,4.0,4.0
24747,Inh_Pax5_Irs4_3,8.00606510234552e-08,3.0,4.0
3382,Inh_Pax5_Irs4_4,8.00606510234552e-08,4.0,3.0
3443,Inh_Pax5_Irs4_4,2.668352727575654e-07,4.0,5.0
3044,Inh_Pax5_Lcp1,1.3343022265138534e-07,5.0,3.0
3340,Inh_Pax5_Met,2.668352727575654e-07,5.0,4.0
3341,Inh_Pax5_Met,2.668352727575654e-07,5.0,4.0
1018,Inh_Pax5_Niban1,4.002277374816599e-07,4.0,6.0
1020,Inh_Pax5_Niban1,2.668352727575654e-07,4.0,5.0
1031,Inh_Pax5_Niban1,2.668352727575654e-07,4.0,5.0
1522,Inh_Pax5_Niban1,1.6011123267262136e-07,4.0,4.0
2319,Inh_Pax5_Niban1,2.6688561962901027e-08,4.0,2.0
2980,Inh_Pax5_Olig3_1,4.003158422803956e-08,3.0,3.0
4046,Inh_Pax5_Olig3_1,1.3344280981450513e-08,3.0,2.0
1435,Inh_Pax5_Olig3_2,1.3343022265138534e-07,3.0,5.0
3308,Inh_Pax5_Pgr15l_1,1.3343022265138534e-07,5.0,3.0
3360,Inh_Pax5_Pgr15l_1,1.3343022265138534e-07,5.0,3.0
3399,Inh_Pax5_Pgr15l_1,4.44683503322212e-07,5.0,5.0
1018,Inh_Pax5_Rab38_1,4.002277374816599e-07,4.0,6.0
1031,Inh_Pax5_Rab38_1,2.668352727575654e-07,4.0,5.0
3054,Inh_Pax5_Rab38_1,8.00606510234552e-08,4.0,3.0
3340,Inh_Pax5_Rab38_1,1.6011123267262136e-07,4.0,4.0
3341,Inh_Pax5_Rab38_1,1.6011123267262136e-07,4.0,4.0
3337,Inh_Pax5_Rab38_2,1.6011123267262136e-07,4.0,4.0
3054,Inh_Pax5_Rab38_3,1.3343022265138534e-07,5.0,3.0
3320,Inh_Pax5_Rab38_4,8.00606510234552e-08,3.0,4.0
3140,Inh_Pax5_Slc12a7_2,1.3344280981450513e-08,3.0,2.0
3340,Inh_Pax5_Sox21_2,1.6011123267262136e-07,4.0,4.0
1177,Inh_Pax5_Tmem176b_1,1.3343022265138534e-07,3.0,5.0
4296,Inh_Pax5_Tmem176b_4,8.00606510234552e-08,4.0,3.0
3351,Inh_Pax5_Trh_L3mbtl4,8.00606510234552e-08,4.0,3.0
3393,Inh_Pax5_Trh_L3mbtl4,8.00606510234552e-08,4.0,3.0
3304,Inh_Pax5_Vwa7_1,1.3344280981450513e-08,3.0,2.0
1696,Inh_Pax6_Cdh23,8.00606510234552e-08,4.0,3.0
1631,Inh_Pax6_Eya4_2,2.668352727575654e-07,4.0,5.0
993,Inh_Pax6_Eya4_2,2.668352727575654e-07,4.0,5.0
2344,Inh_Pax6_Gpr39_1,1.3343022265138534e-07,5.0,3.0
1701,Inh_Pax6_Lrrc38,4.44683503322212e-07,5.0,5.0
842,Inh_Pax6_Lrrc38,4.44683503322212e-07,5.0,5.0
1727,Inh_Pax6_Nkx2-2_1,8.00606510234552e-08,4.0,3.0
1720,Inh_Pax6_Pdgfd_1,8.00606510234552e-08,4.0,3.0
1691,Inh_Pax6_Pou6f2_Pdgfd_2,8.00606510234552e-08,4.0,3.0
1715,Inh_Pax6_Pou6f2_Pdgfd_2,2.668352727575654e-07,4.0,5.0
1760,Inh_Pax6_Pou6f2_Pdgfd_2,2.668352727575654e-07,4.0,5.0
34338,Inh_Pax6_Pou6f2_Pdgfd_2,8.00606510234552e-08,4.0,3.0
3509,Inh_Pax7_A730009L09Rik,4.002277374816599e-07,4.0,6.0
3544,Inh_Pax7_A730009L09Rik,1.6011123267262136e-07,4.0,4.0
3598,Inh_Pax7_A730009L09Rik,1.6011123267262136e-07,4.0,4.0
3613,Inh_Pax7_A730009L09Rik,1.6011123267262136e-07,4.0,4.0
2945,Inh_Pax7_Arhgap28_1,1.3343022265138534e-07,5.0,3.0
2968,Inh_Pax7_Arhgap28_1,4.448093660483505e-08,5.0,2.0
3267,Inh_Pax7_Arhgap28_2,1.6011123267262136e-07,4.0,4.0
2943,Inh_Pax7_Arhgap28_3,8.00606510234552e-08,4.0,3.0
3505,Inh_Pax7_Arhgap28_3,1.6011123267262136e-07,4.0,4.0
3524,Inh_Pax7_Bmp5_1,8.00606510234552e-08,3.0,4.0
3575,Inh_Pax7_Bmp5_1,4.003158422803956e-08,3.0,3.0
3567,Inh_Pax7_Bmp5_2,8.00606510234552e-08,3.0,4.0
3502,Inh_Pax7_Catspere1_1,4.44683503322212e-07,5.0,5.0
3538,Inh_Pax7_Catspere1_1,1.3343022265138534e-07,5.0,3.0
3528,Inh_Pax7_Catspere1_2,1.6011123267262136e-07,4.0,4.0
4918,Inh_Pax7_Catspere1_2,8.00606510234552e-08,4.0,3.0
3260,Inh_Pax7_Ecel1_1,1.6011123267262136e-07,4.0,4.0
3271,Inh_Pax7_Ecel1_1,1.6011123267262136e-07,4.0,4.0
3502,Inh_Pax7_Ecel1_1,2.668352727575654e-07,4.0,5.0
3510,Inh_Pax7_Ecel1_1,7.469978074418258e-07,4.0,8.0
3520,Inh_Pax7_Ecel1_1,8.00606510234552e-08,4.0,3.0
3522,Inh_Pax7_Ecel1_1,2.668352727575654e-07,4.0,5.0
3260,Inh_Pax7_Ecel1_2,2.668352727575654e-07,5.0,4.0
3271,Inh_Pax7_Ecel1_2,2.668352727575654e-07,5.0,4.0
3502,Inh_Pax7_Ecel1_2,4.44683503322212e-07,5.0,5.0
3510,Inh_Pax7_Ecel1_2,1.2447614684668015e-06,5.0,8.0
3522,Inh_Pax7_Ecel1_2,4.44683503322212e-07,5.0,5.0
4479,Inh_Pax7_Ecel1_2,2.668352727575654e-07,5.0,4.0
4488,Inh_Pax7_Ecel1_2,2.668352727575654e-07,5.0,4.0
3270,Inh_Pax7_Egflam_1,1.3343022265138534e-07,5.0,3.0
3547,Inh_Pax7_Egflam_1,2.668352727575654e-07,5.0,4.0
3554,Inh_Pax7_Egflam_1,2.668352727575654e-07,5.0,4.0
3598,Inh_Pax7_Egflam_1,2.668352727575654e-07,5.0,4.0
3544,Inh_Pax7_Egflam_7,8.00606510234552e-08,3.0,4.0
3507,Inh_Pax7_Erfl_2,1.3344280981450513e-08,2.0,3.0
3522,Inh_Pax7_Hpse_1,1.3343022265138534e-07,3.0,5.0
3506,Inh_Pax7_Hpse_4,4.003158422803956e-08,3.0,3.0
2168,Inh_Pax7_Ikzf1,4.003158422803956e-08,3.0,3.0
1024,Inh_Pax7_Ngfr_Stc1,8.00606510234552e-08,3.0,4.0
2916,Inh_Pax7_Pappa2_Stc1,1.3343022265138534e-07,5.0,3.0
2924,Inh_Pax7_Pappa2_Stc1,2.668352727575654e-07,5.0,4.0
2946,Inh_Pax7_Pappa2_Stc1,2.668352727575654e-07,5.0,4.0
3260,Inh_Pax7_Pawr,4.002277374816599e-07,6.0,4.0
3271,Inh_Pax7_Pawr,4.002277374816599e-07,6.0,4.0
3502,Inh_Pax7_Pawr,6.669623325249725e-07,6.0,5.0
3509,Inh_Pax7_Pawr,1.000317667226508e-06,6.0,6.0
3510,Inh_Pax7_Pawr,1.8667899491132256e-06,6.0,8.0
3522,Inh_Pax7_Pawr,6.669623325249725e-07,6.0,5.0
3538,Inh_Pax7_Pawr,2.0013904039551817e-07,6.0,3.0
4714,Inh_Pax7_Pawr,2.0013904039551817e-07,6.0,3.0
3510,Inh_Pax7_Prss23,3.7356937936714357e-07,3.0,8.0
332,Inh_Pax7_Qrfpr_1,4.003158422803956e-08,3.0,3.0
2916,Inh_Pax7_Rxfp3_1,8.00606510234552e-08,4.0,3.0
2924,Inh_Pax7_Rxfp3_1,1.6011123267262136e-07,4.0,4.0
2946,Inh_Pax7_Rxfp3_1,1.6011123267262136e-07,4.0,4.0
2924,Inh_Pax7_Rxfp3_3,1.6011123267262136e-07,4.0,4.0
2926,Inh_Pax7_Rxfp3_3,1.6011123267262136e-07,4.0,4.0
3518,Inh_Pax7_Samd3,8.00606510234552e-08,3.0,4.0
3528,Inh_Pax7_Shisal2b,2.668352727575654e-07,5.0,4.0
3538,Inh_Pax7_Shisal2b,1.3343022265138534e-07,5.0,3.0
2923,Inh_Pax7_Slc38a11,5.0343309376260907e-11,6.0,4.0
34182,Inh_Pax7_Slc38a11,6.672140490725257e-08,6.0,2.0
3527,Inh_Pax7_Zic2,4.003158422803956e-08,3.0,3.0
1518,Inh_Pax8_Agtr1a_Tacr3,8.00606510234552e-08,3.0,4.0
24718,Inh_Pax8_Aym1,4.002277374816599e-07,6.0,4.0
4783,Inh_Pax8_Bmp4_2,1.6011123267262136e-07,4.0,4.0
1920,Inh_Pax8_Cntnap3,1.3343022265138534e-07,5.0,3.0
5042,Inh_Pax8_Cntnap3,6.669623325249725e-07,5.0,6.0
1254,Inh_Pax8_Col6a3,1.3343022265138534e-07,3.0,5.0
24727,Inh_Pax8_Kcng3,6.669623325249725e-07,5.0,6.0
34154,Inh_Pax8_Met_Qrfpr,4.448093660483505e-08,5.0,2.0
1163,Inh_Pax8_Nkx6-1_3,8.00606510234552e-08,3.0,4.0
3738,Inh_Pax8_Nkx6-1_3,4.003158422803956e-08,3.0,3.0
4009,Inh_Pax8_Nkx6-1_3,8.00606510234552e-08,3.0,4.0
758,Inh_Pax8_Nkx6-1_3,1.3343022265138534e-07,3.0,5.0
1664,Inh_Pax8_Otp_2,2.668352727575654e-07,5.0,4.0
3138,Inh_Pax8_Otp_2,2.668352727575654e-07,5.0,4.0
4182,Inh_Pax8_Otp_2,4.44683503322212e-07,5.0,5.0
1770,Inh_Pax8_Otp_3,4.003158422803956e-08,3.0,3.0
1166,Inh_Pax8_Pkhd1l1_10,1.6011123267262136e-07,4.0,4.0
4658,Inh_Pax8_Qrfpr_1,1.6011123267262136e-07,4.0,4.0
5143,Inh_Pax8_Qrfpr_1,1.6011123267262136e-07,4.0,4.0
1244,Inh_Pax8_Qrfpr_3,4.003158422803956e-08,3.0,3.0
2792,Inh_Pax8_Qrfpr_3,4.003158422803956e-08,3.0,3.0
2794,Inh_Pax8_Qrfpr_3,4.003158422803956e-08,3.0,3.0
3465,Inh_Pax8_Qrfpr_3,4.003158422803956e-08,3.0,3.0
3417,Inh_Pax8_Rapsn,1.6011123267262136e-07,4.0,4.0
24711,Inh_Pax8_Serpinf1,2.668352727575654e-07,5.0,4.0
24744,Inh_Pax8_Serpinf1,3.523159043616182e-10,5.0,8.0
2922,Inh_Pax8_Sfrp1_1,4.44683503322212e-07,5.0,5.0
3590,Inh_Pax8_Sfrp1_4,2.668352727575654e-07,5.0,4.0
2281,Inh_Pax8_Sfrp1_5,4.003158422803956e-08,3.0,3.0
3283,Inh_Pax8_Sfrp1_5,4.003158422803956e-08,3.0,3.0
34328,Inh_Pax8_Sfrp1_5,4.003158422803956e-08,3.0,3.0
24691,Inh_Pax8_Sfrp1_6,2.668352727575654e-07,5.0,4.0
55,Inh_Pax8_Sfrp1_7,4.448093660483505e-08,5.0,2.0
24709,Inh_Pax8_Sfrp1_9,4.003158422803956e-08,3.0,3.0
1119,Inh_Pax8_Sox6_1,1.3343022265138534e-07,3.0,5.0
758,Inh_Pax8_Sox6_1,1.3343022265138534e-07,3.0,5.0
24713,Inh_Pax8_Sp9,1.3343022265138534e-07,5.0,3.0
34141,Inh_Pax8_Tac2,6.293581559897426e-13,3.0,3.0
5068,Inh_Pax8_Tacr3,1.6011123267262136e-07,4.0,4.0
4778,Inh_Pax8_Tnnt2,2.6688561962901027e-08,4.0,2.0
1284,Inh_Pax8_Vgll3,8.00606510234552e-08,4.0,3.0
1831,Inh_Pde11a_Pgm5_2,1.3343022265138534e-07,5.0,3.0
1835,Inh_Pde11a_Pgm5_3,2.6688561962901027e-08,4.0,2.0
1829,Inh_Pde11a_Pgm5_4,1.3343022265138534e-07,3.0,5.0
1806,Inh_Pde11a_Pgm5_6,8.00606510234552e-08,3.0,4.0
1833,Inh_Pde11a_Pgm5_6,8.00606510234552e-08,3.0,4.0
649,Inh_Pde11a_Pgm5_6,1.3343022265138534e-07,3.0,5.0
3491,Inh_Pou6f2_Cartpt,8.00606510234552e-08,3.0,4.0
3849,Inh_Pou6f2_Cartpt,1.3344280981450513e-08,3.0,2.0
24747,Inh_Pou6f2_Gldn_2,2.668352727575654e-07,5.0,4.0
634,Inh_Pou6f2_Gldn_2,4.44683503322212e-07,5.0,5.0
2479,Inh_Pou6f2_Kcnj5,4.44683503322212e-07,5.0,5.0
2977,Inh_Pou6f2_Pi15_3,1.6011123267262136e-07,4.0,4.0
3982,Inh_Pou6f2_Pi15_3,1.6011123267262136e-07,4.0,4.0
1091,Inh_Ppp1r1b_Drd1_Prima1,4.003158422803956e-08,3.0,3.0
1092,Inh_Ppp1r1b_Drd1_Prima1,4.003158422803956e-08,3.0,3.0
1257,Inh_Ppp1r1b_Drd1_Rbp1_6,8.00606510234552e-08,4.0,3.0
1280,Inh_Ppp1r1b_Drd1_Shisa8_1,2.668352727575654e-07,5.0,4.0
235,Inh_Ppp1r1b_Drd1_Shisa8_1,9.336591803261916e-07,5.0,7.0
1341,Inh_Ppp1r1b_Drd1_Tns3_1,4.448093660483505e-08,5.0,2.0
1434,Inh_Ppp1r1b_Drd1_Tns3_1,1.3343022265138534e-07,5.0,3.0
2513,Inh_Ppp1r1b_Drd1_Tns3_1,2.668352727575654e-07,5.0,4.0
1077,Inh_Ppp1r1b_Drd2_Cyp26b1_1,1.6011123267262136e-07,4.0,4.0
1030,Inh_Ppp1r1b_Drd2_Cyp26b1_2,1.6011123267262136e-07,4.0,4.0
1077,Inh_Ppp1r1b_Drd2_Cyp26b1_2,1.6011123267262136e-07,4.0,4.0
1063,Inh_Ppp1r1b_Drd2_Fst,2.668352727575654e-07,4.0,5.0
1084,Inh_Ppp1r1b_Drd2_Sema5d_1,8.00606510234552e-08,3.0,4.0
1063,Inh_Ppp1r1b_Drd2_Sema5d_2,1.3343022265138534e-07,3.0,5.0
1075,Inh_Ppp1r1b_Drd2_Sema5d_2,8.00606510234552e-08,3.0,4.0
1077,Inh_Ppp1r1b_Drd2_Sphkap_2,5.602835934044848e-07,7.0,4.0
1077,Inh_Ppp1r1b_Drd2_Sphkap_3,2.668352727575654e-07,5.0,4.0
145,Inh_Prox1_Dcn_2,2.668352727575654e-07,4.0,5.0
1400,Inh_Prox1_Dcn_4,8.00606510234552e-08,4.0,3.0
366,Inh_Prox1_Dcn_4,2.668352727575654e-07,4.0,5.0
387,Inh_Sall3_Ndnf_3,1.3343022265138534e-07,5.0,3.0
393,Inh_Sall3_Ndnf_3,2.668352727575654e-07,5.0,4.0
911,Inh_Sall3_Trhr_1,5.0343309376260907e-11,6.0,4.0
1032,Inh_Sidt1_Drd1_Pax6_2,8.00606510234552e-08,3.0,4.0
1034,Inh_Sidt1_Drd1_Pax6_2,2.0013904039551817e-07,3.0,6.0
1029,Inh_Six3_9130008F23Rik,4.44683503322212e-07,5.0,5.0
1031,Inh_Six3_9130008F23Rik,4.44683503322212e-07,5.0,5.0
1274,Inh_Six3_9130008F23Rik,2.668352727575654e-07,5.0,4.0
3417,Inh_Six3_9130008F23Rik,2.668352727575654e-07,5.0,4.0
944,Inh_Six3_9130008F23Rik,6.669623325249725e-07,5.0,6.0
1018,Inh_Six3_Ano1_2,6.669623325249725e-07,5.0,6.0
1031,Inh_Six3_Ano1_2,4.44683503322212e-07,5.0,5.0
1840,Inh_Six3_Bnc2_1,8.00606510234552e-08,4.0,3.0
856,Inh_Six3_Bnc2_1,2.6688561962901027e-08,4.0,2.0
1212,Inh_Six3_Casr,4.003158422803956e-08,3.0,3.0
4557,Inh_Six3_Casr,8.00606510234552e-08,3.0,4.0
1578,Inh_Six3_Cd40,8.00606510234552e-08,3.0,4.0
3199,Inh_Six3_Cela1_2,2.668352727575654e-07,5.0,4.0
1455,Inh_Six3_Chodl_1,6.669623325249725e-07,5.0,6.0
1825,Inh_Six3_Chodl_1,2.668352727575654e-07,5.0,4.0
1522,Inh_Six3_Chodl_2,1.6011123267262136e-07,4.0,4.0
1758,Inh_Six3_Dact1_2,4.002277374816599e-07,4.0,6.0
3307,Inh_Six3_Dpy19l2_1,2.668352727575654e-07,4.0,5.0
3327,Inh_Six3_Dpy19l2_1,1.6011123267262136e-07,4.0,4.0
3340,Inh_Six3_Dpy19l2_4,8.00606510234552e-08,3.0,4.0
3341,Inh_Six3_Dpy19l2_4,8.00606510234552e-08,3.0,4.0
3854,Inh_Six3_Drd3_3,2.6688561962901027e-08,4.0,2.0
4458,Inh_Six3_Drd3_3,1.6011123267262136e-07,4.0,4.0
3329,Inh_Six3_Enpep,4.003158422803956e-08,3.0,3.0
1591,Inh_Six3_Fezf1_1,1.3344280981450513e-08,2.0,3.0
1600,Inh_Six3_Fezf1_1,1.3344280981450513e-08,2.0,3.0
1218,Inh_Six3_Fgf17_2,4.44683503322212e-07,5.0,5.0
1018,Inh_Six3_Foxa2_1,4.002277374816599e-07,4.0,6.0
1031,Inh_Six3_Foxa2_1,2.668352727575654e-07,4.0,5.0
907,Inh_Six3_Foxa2_2,1.6011123267262136e-07,4.0,4.0
1031,Inh_Six3_Foxa2_3,1.3343022265138534e-07,3.0,5.0
1274,Inh_Six3_Foxa2_3,8.00606510234552e-08,3.0,4.0
3417,Inh_Six3_Foxa2_3,8.00606510234552e-08,3.0,4.0
944,Inh_Six3_Foxa2_3,2.0013904039551817e-07,3.0,6.0
3427,Inh_Six3_Frem2,6.672140490725257e-08,2.0,6.0
1788,Inh_Six3_Gchfr_2,1.3343022265138534e-07,3.0,5.0
3338,Inh_Six3_Ikzf1_2,4.003158422803956e-08,3.0,3.0
1844,Inh_Six3_Ikzf1_3,4.003158422803956e-08,3.0,3.0
3130,Inh_Six3_Krt18,1.6011123267262136e-07,4.0,4.0
1840,Inh_Six3_Met_1,4.003158422803956e-08,3.0,3.0
1031,Inh_Six3_Myo3a,2.668352727575654e-07,4.0,5.0
1274,Inh_Six3_Myo3a,1.6011123267262136e-07,4.0,4.0
3417,Inh_Six3_Myo3a,1.6011123267262136e-07,4.0,4.0
944,Inh_Six3_Myo3a,4.002277374816599e-07,4.0,6.0
3537,Inh_Six3_Nkx2-2,1.6011123267262136e-07,4.0,4.0
3342,Inh_Six3_Ofcc1_1,4.003158422803956e-08,3.0,3.0
4495,Inh_Six3_Ofcc1_1,8.00606510234552e-08,3.0,4.0
4802,Inh_Six3_Ofcc1_1,4.003158422803956e-08,3.0,3.0
3320,Inh_Six3_Pamr1_1,1.6011123267262136e-07,4.0,4.0
4861,Inh_Six3_Pamr1_1,1.6011123267262136e-07,4.0,4.0
1578,Inh_Six3_Pamr1_2,1.6011123267262136e-07,4.0,4.0
1793,Inh_Six3_Pamr1_2,1.6011123267262136e-07,4.0,4.0
1602,Inh_Six3_Pgm5,2.668352727575654e-07,4.0,5.0
1796,Inh_Six3_Pnliprp2_2,1.6011123267262136e-07,4.0,4.0
3307,Inh_Six3_Pnliprp2_2,2.668352727575654e-07,4.0,5.0
3130,Inh_Six3_Ptger3_1,1.6011123267262136e-07,4.0,4.0
3148,Inh_Six3_Ptger3_1,1.6011123267262136e-07,4.0,4.0
3150,Inh_Six3_Ptger3_1,1.6011123267262136e-07,4.0,4.0
1701,Inh_Six3_Pvalb_Angpt1,2.668352727575654e-07,4.0,5.0
1788,Inh_Six3_Pvalb_Cplx3_1,4.44683503322212e-07,5.0,5.0
923,Inh_Six3_Pvalb_Cplx3_1,6.669623325249725e-07,5.0,6.0
1733,Inh_Six3_Pvalb_Efemp1_1,5.602835934044848e-07,7.0,4.0
1788,Inh_Six3_Pvalb_Efemp1_1,9.336591803261916e-07,7.0,5.0
1827,Inh_Six3_Pvalb_Efemp1_1,5.602835934044848e-07,7.0,4.0
1901,Inh_Six3_Pvalb_Efemp1_1,5.602835934044848e-07,7.0,4.0
736,Inh_Six3_Pvalb_Npy_1,4.002277374816599e-07,6.0,4.0
1151,Inh_Six3_Pvalb_Npy_2,4.44683503322212e-07,5.0,5.0
1733,Inh_Six3_Pvalb_Pdzrn4,1.6011123267262136e-07,4.0,4.0
1827,Inh_Six3_Pvalb_Pdzrn4,1.6011123267262136e-07,4.0,4.0
1901,Inh_Six3_Pvalb_Pdzrn4,1.6011123267262136e-07,4.0,4.0
1097,Inh_Six3_Pvalb_Rxfp2_2,2.668352727575654e-07,5.0,4.0
1505,Inh_Six3_Pvalb_Rxfp2_2,1.3343022265138534e-07,5.0,3.0
1737,Inh_Six3_Pvalb_Rxfp2_2,2.668352727575654e-07,5.0,4.0
1802,Inh_Six3_Pvalb_Rxfp2_2,1.3343022265138534e-07,5.0,3.0
3552,Inh_Six3_Rab3b,1.3343022265138534e-07,3.0,5.0
1417,Inh_Six3_Six6_1,8.00606510234552e-08,3.0,4.0
1429,Inh_Six3_Six6_1,4.003158422803956e-08,3.0,3.0
1478,Inh_Six3_Six6_2,8.00606510234552e-08,3.0,4.0
3087,Inh_Six3_Six6_2,1.3343022265138534e-07,3.0,5.0
1046,Inh_Six3_Sox21,2.668352727575654e-07,4.0,5.0
3340,Inh_Six3_Sox21,1.6011123267262136e-07,4.0,4.0
3188,Inh_Six3_Sox2_1,8.00606510234552e-08,4.0,3.0
3432,Inh_Six3_Sox2_1,1.6011123267262136e-07,4.0,4.0
3701,Inh_Six3_Sox2_11,1.6011123267262136e-07,4.0,4.0
3608,Inh_Six3_Sox2_12,2.668352727575654e-07,5.0,4.0
1840,Inh_Six3_Sox2_6,8.00606510234552e-08,4.0,3.0
1685,Inh_Six6_Vipr2_9,8.00606510234552e-08,4.0,3.0
3390,Inh_Skor2_Emx1_2,8.00606510234552e-08,3.0,4.0
674,Inh_Sncg_Calcb_6,8.00606510234552e-08,3.0,4.0
5343,Inh_Sncg_Edn3,4.003158422803956e-08,3.0,3.0
641,Inh_Sncg_Edn3,2.0013904039551817e-07,3.0,6.0
649,Inh_Sncg_Edn3,1.3343022265138534e-07,3.0,5.0
656,Inh_Sncg_Edn3,1.3343022265138534e-07,3.0,5.0
4240,Inh_Sox14_Plac9a,4.002277374816599e-07,4.0,6.0
4436,Inh_Sox14_Plac9a,2.668352727575654e-07,4.0,5.0
3137,Inh_Sox1_Igfbp2_1,1.6011123267262136e-07,4.0,4.0
2441,Inh_Sox1_Sp9_1,2.0013904039551817e-07,6.0,3.0
4869,Inh_Sox1_Sp9_4,1.6011123267262136e-07,4.0,4.0
2592,Inh_Sox6_Btc,4.003158422803956e-08,3.0,3.0
743,Inh_Sox6_Chrna5_1,4.003158422803956e-08,3.0,3.0
2917,Inh_Sox6_Postn_3,8.00606510234552e-08,4.0,3.0
2942,Inh_Sox6_Postn_3,1.6011123267262136e-07,4.0,4.0
3527,Inh_Sox6_Postn_3,8.00606510234552e-08,4.0,3.0
1016,Inh_Sox8_Calcrl_9,1.3343022265138534e-07,5.0,3.0
4850,Inh_Sp8_Abcb5_Krt73,1.6011123267262136e-07,4.0,4.0
337,Inh_Sp8_Ctsc_1,8.00606510234552e-08,3.0,4.0
4656,Inh_Sp8_Shisa8,8.00606510234552e-08,3.0,4.0
1150,Inh_Sp8_Sox6_3,8.00606510234552e-08,3.0,4.0
3068,Inh_Sp8_Sox6_3,4.003158422803956e-08,3.0,3.0
3417,Inh_Sp8_Spp1_1,8.00606510234552e-08,3.0,4.0
632,Inh_Sp8_Vip_2,1.6011123267262136e-07,4.0,4.0
698,Inh_Sp8_Vip_2,1.6011123267262136e-07,4.0,4.0
1959,Inh_Tbx3_Crabp1,4.003158422803956e-08,3.0,3.0
1977,Inh_Tbx3_Crabp1,4.003158422803956e-08,3.0,3.0
1979,Inh_Tbx3_Crabp1,8.00606510234552e-08,3.0,4.0
1981,Inh_Tbx3_Crabp1,4.003158422803956e-08,3.0,3.0
1988,Inh_Tbx3_Fli1_1,4.003158422803956e-08,3.0,3.0
2000,Inh_Tbx3_Scn11a,8.00606510234552e-08,3.0,4.0
1983,Inh_Tbx3_Serpina3n_2,4.003158422803956e-08,3.0,3.0
1984,Inh_Tbx3_Serpina3n_2,4.003158422803956e-08,3.0,3.0
1518,Inh_Tfap2a_Prkcd,1.6011123267262136e-07,4.0,4.0
3509,Inh_Tfap2b_Cdh23_1,4.002277374816599e-07,4.0,6.0
3528,Inh_Tfap2b_Cdh23_1,1.0069374288974648e-11,4.0,4.0
3542,Inh_Tfap2b_Cdh23_1,1.6011123267262136e-07,4.0,4.0
4918,Inh_Tfap2b_Cdh23_1,8.00606510234552e-08,4.0,3.0
3542,Inh_Tfap2b_Cdh23_2,1.6011123267262136e-07,4.0,4.0
3528,Inh_Tfap2b_Cdh23_3,1.6011123267262136e-07,4.0,4.0
3542,Inh_Tfap2b_Cdh23_3,1.6011123267262136e-07,4.0,4.0
996,Inh_Tfap2b_Cdh23_3,1.6011123267262136e-07,4.0,4.0
3551,Inh_Tfap2b_Dcn_2,1.6011123267262136e-07,4.0,4.0
3516,Inh_Tfap2b_Erfl_3,4.003158422803956e-08,3.0,3.0
3342,Inh_Tfap2b_Gabrq_2,1.3343022265138534e-07,5.0,3.0
4802,Inh_Tfap2b_Gabrq_2,1.3343022265138534e-07,5.0,3.0
3522,Inh_Tfap2b_Gabrq_3,4.44683503322212e-07,5.0,5.0
2172,Inh_Tfap2b_Gata3_1,1.3343022265138534e-07,5.0,3.0
3552,Inh_Tfap2b_Gata3_1,4.44683503322212e-07,5.0,5.0
3554,Inh_Tfap2b_Gata3_2,8.00606510234552e-08,3.0,4.0
34322,Inh_Tfap2b_Ikzf1,4.4480936604835055e-09,2.0,2.0
618,Inh_Tfap2b_Il7_2,8.00606510234552e-08,4.0,3.0
3547,Inh_Tfap2b_Kcnmb1_1,8.00606510234552e-08,3.0,4.0
3259,Inh_Tfap2b_Kcnmb1_2,8.00606510234552e-08,4.0,3.0
3270,Inh_Tfap2b_Kcnmb1_2,8.00606510234552e-08,4.0,3.0
3535,Inh_Tfap2b_Met,2.5174326239589706e-12,4.0,3.0
3551,Inh_Tfap2b_Met,1.6011123267262136e-07,4.0,4.0
936,Inh_Tfap2b_Met,2.668352727575654e-07,4.0,5.0
2537,Inh_Tfap2b_Optc,2.668352727575654e-07,4.0,5.0
3921,Inh_Tfap2b_Optc,8.00606510234552e-08,4.0,3.0
2172,Inh_Tfap2b_Tll2_3,2.0013904039551817e-07,6.0,3.0
3552,Inh_Tfap2b_Tll2_3,1.258449166914411e-10,6.0,5.0
3595,Inh_Tfap2b_Tll2_3,4.002277374816599e-07,6.0,4.0
4364,Inh_Tfap2b_Tll2_3,6.669623325249725e-07,6.0,5.0
2917,Inh_Tfap2b_Tspo2_1,8.00606510234552e-08,4.0,3.0
2942,Inh_Tfap2b_Tspo2_1,1.6011123267262136e-07,4.0,4.0
3527,Inh_Tfap2b_Tspo2_1,8.00606510234552e-08,4.0,3.0
3504,Inh_Tfap2b_Tspo2_3,8.00606510234552e-08,3.0,4.0
1920,Inh_Tfap2b_Vip_1,4.003158422803956e-08,3.0,3.0
14945,Inh_Tfap2b_Zic4_Rxfp2,4.002277374816599e-07,6.0,4.0
24473,Inh_Tfap2b_Zic4_Rxfp2,4.002277374816599e-07,6.0,4.0
4662,Inh_Tfap2b_Zic4_Rxfp2,6.669623325249725e-07,6.0,5.0
2651,Inh_Vcan_St8sia2_6,4.002277374816599e-07,6.0,4.0
650,Inh_Vip_Crh_Sema5b,4.003158422803956e-08,3.0,3.0
651,Inh_Vip_Crh_Sema5b,1.3343022265138534e-07,3.0,5.0
652,Inh_Vip_Crh_Sema5b,1.3343022265138534e-07,3.0,5.0
660,Inh_Vip_Crh_Sema5b,8.00606510234552e-08,3.0,4.0
633,Inh_Vip_Sncg_Slit1,2.668352727575654e-07,4.0,5.0
652,Inh_Vip_Sncg_Slit1,2.668352727575654e-07,4.0,5.0
698,Inh_Vip_Sncg_Slit1,1.6011123267262136e-07,4.0,4.0
1806,Inh_Vip_Sncg_Yjefn3,8.00606510234552e-08,3.0,4.0
649,Inh_Vip_Sncg_Yjefn3,1.3343022265138534e-07,3.0,5.0
1343,Inh_Vwc2l_Otogl1_1,1.3343022265138534e-07,5.0,3.0
1357,NG_Draxin_8,4.003158422803956e-08,3.0,3.0
2767,Ng_Lhx1_Trp73,1.3344280981450513e-08,2.0,3.0
2860,SerEx_Gata3_Fev_1,8.00606510234552e-08,3.0,4.0
2851,Ser_Fev_Chodl,4.003158422803956e-08,3.0,3.0
3870,Ser_Fev_Chodl,4.003158422803956e-08,3.0,3.0
2846,Ser_Fev_Pth2r,4.003158422803956e-08,3.0,3.0
