marker_set,best_cluster,best_AUROC
14920,Astro_Agt_Sntg1,0.9498609390281318
14953,Astro_Emid1_Cd38,0.9790037223604712
1613,Astro_Emid1_Gdf10,0.9824231841019652
205,Astro_Ephb1_Fzd2,0.8997464252708455
14932,Astro_Ephb1_Gfap,0.8922311370561364
4676,Astro_Fabp7_Hs3st3a1_1,0.9585703889285824
2449,Astro_Fabp7_Hs3st3a1_2,0.9601662972229644
14948,Astro_Fabp7_Hs3st3a1_3,0.952213143551964
14886,Astro_Fabp7_Wt1,0.9793964606836
4050,CholEx_Fbxl7_Defa24,0.9983918894934468
1312,CholEx_Hoxc4_Olfr681,0.9968676202380844
2893,CholEx_Irx2_Slc43a3_1,0.9990815873092468
1337,CholEx_Irx2_Slc43a3_3,0.9988276487836628
2672,CholEx_Irx2_Slc43a3_4,0.9932001337276036
2164,CholEx_Lmx1a_Tfcp2l1,0.7181651301068906
1913,CholEx_Onecut2_Tnfrsf15,0.9593689006252004
3121,CholEx_Phox2a_Npy4r,0.910870653758268
2880,CholEx_Pou4f1_Irx3,0.9908212060767242
3353,CholEx_Pou4f2_Gli3,0.945784440045075
24535,CholEx_Tcf24_Oxtr,0.9977637496936886
2046,CholInh_Ecel1_Ghrh_2,0.9994399393174944
2697,CholInh_Ecel1_Nid1,0.9965051965629282
3074,CholInh_Onecut3_Vmn1r213,0.9581542538453576
1449,Chol_C1ql4_Olfr1033,0.9989687164457728
742,Chol_Ecel1_1700025C18Rik_1,0.8767958532788986
2211,Chol_Ecel1_Crabp2_1,0.9988768550165174
4826,Chol_Ecel1_Crabp2_2,0.9988445482491446
2074,Chol_Ecel1_Gm7271,0.9996234736735664
565,Chol_Ecel1_Insrr,0.9994225456652264
864,Chol_Ecel1_Nid1,0.9952276548266276
312,Chol_Ecel1_S100a11,0.9691251475590856
4263,Chol_Ecel1_Sall4,0.9985443896641164
1052,Chol_Irx4_Crispld2,0.9852956975950568
589,Chol_Irx4_Matn1_1,0.9980736855131116
4302,Chol_Irx4_Matn1_2,0.7924205254863588
4183,Chol_Irx4_Matn1_5,0.998651655109148
859,Chol_Isl2_1700017N19Rik_2,0.99559082450603
2065,Chol_Isl2_Gata6_3,0.945555030859226
1733,Chol_Isl2_Il22ra1_1,0.9812278091413204
5093,Chol_Isl2_Il22ra1_2,0.9859325850634856
3812,Chol_Isl2_Il22ra1_3,0.9959698515466616
3410,Chol_Isl2_Mnx1_2,0.9969786408777384
1394,Chol_Lhx4_Lrrc52,0.9151688753283648
427,Chol_Pitx2_Antxrl,0.8892475221922503
899,Chol_Tbx20_A4galt_2,0.945416684396666
2806,Chol_Tbx20_Car3,0.9984026394136504
15001,Chol_Tbx20_Fst_1,0.8203197715108448
2552,Chol_Tbx20_Gm7694_1,0.968101830044182
1167,Chol_Tbx20_Has2,0.9601662914367664
3692,Chol_Tbx20_Plau,0.9961684756944011
5091,Chol_Tbx20_S100a11_1,0.8913911234663862
1926,Chol_Tbx20_S100a11_2,0.9600610405654986
2651,Chol_Tbx20_S100a11_4,0.9964194902125432
2338,Chol_Tbx20_S100a11_8,0.9983855504527196
4516,Chol_Tbx3_Ptgr1,0.9958839923088
2543,DopEx_Calb1_Aqp1,0.9994609225810142
2400,DopEx_Calb1_Col6a5,0.9993732719809876
2415,DopEx_Calb1_Lpl_1,0.9988993126319702
1481,DopEx_Calb1_Lpl_2,0.9954278734559384
2396,DopEx_Calb1_Mc3r,0.9986560922573712
2397,DopEx_Calb1_Npw_2,0.9253410533557558
3188,DopEx_Calb1_Tdh,0.9923019850930176
2578,DopEx_Calb1_Trpv1,0.9941610884502076
2416,DopEx_Sox6_Aldh1a1,0.9232621035192156
4852,Endo_Flt1_Acta2_Olfr558_3,0.9858682528402184
4041,Endo_Flt1_Actg2,0.941654200980664
2122,Endo_Flt1_Cysltr1_Slc19a3,0.9409360995852564
72,Endo_Flt1_Cytl1,0.9965909985798076
1978,Endo_Flt1_Exoc3l2_1,0.954306682659529
2135,Endo_Flt1_Exoc3l2_2,0.9166355991176118
237,Endo_Flt1_Kcnj8_Slc47a2_1,0.9879218094482126
1706,Endo_Flt1_Kcnj8_Slc47a2_2,0.9984967338424858
5248,Endo_Flt1_Kcnj8,0.8820659537601728
2769,Endo_Flt1_Lrg1_2,0.9954536353084538
400,Endo_Flt1_Lrg1_4,0.8708798215576127
1139,Endo_Flt1_Lrg1_5,0.9925247968231128
5254,Endo_Flt1_Rgs5_Slc19a3_1,0.998406423424644
349,Endo_Flt1_Ssu2_1,0.9983584415784618
1999,Endo_Flt1_Ssu2_2,0.9853421684526028
3292,Endo_Flt1_Ssu2_3,0.9986477061815904
2094,Ependymal_Tmem212_1700012P22Rik,0.9993609152357572
2110,Ependymal_Tmem212_Cuzd1,0.9870466817729214
765,Ependymal_Tmem212_Krt15,0.977150795628457
995,Ependymal_Tmem212_Lgi1,0.9942414222761876
14857,Ependymal_Tmem212_Sbpl,0.975629881172292
14989,Ependymal_Tmem212_Tfr2,0.9997440000963982
4638,Ependymal_Tmem212_Ttr,0.9998622449674176
291,Ex_Abi3bp_Calcrl,0.9985799720487494
4388,Ex_Abi3bp_Insyn2b,0.925432601940981
296,Ex_Abi3bp_Pnmt,0.9993025942041232
24637,Ex_C1ql4_Calcr_3,0.8264535158604068
1243,Ex_C1ql4_Drd1_3,0.6470102626284939
4752,Ex_C1ql4_Drd1_4,0.9876477612176604
3868,Ex_C1ql4_Drd1_7,0.9992082230347016
1673,Ex_C1ql4_Foxd3_2,0.960118623695534
4510,Ex_C1ql4_Gucy2c,0.9935318810000332
3823,Ex_C1ql4_Islr2_3,0.9935939169508052
4707,Ex_C1ql4_Krt73_1,0.9919018954816898
4697,Ex_C1ql4_Krt73,0.9906038018666924
1363,Ex_C1ql4_Mdfic2_2,0.9830661111888868
24578,Ex_C1ql4_Rgcc_2,0.9985863824557512
2510,Ex_C1ql4_Serpina3g,0.9077874956296248
3815,Ex_C1ql4_Teddm3_3,0.9988852702508136
1566,Ex_C1ql4_Tekt2,0.9994190803608388
5263,Ex_C1ql4_Trhr_8,0.9544660434677176
934,Ex_Ccn2_Nmbr_3,0.9850827506120658
2305,Ex_Ccn3_Fezf2_Ptprc_1,0.9886430363013514
473,Ex_Ccn3_Fezf2_Ptprc_2,0.9942346896457688
116,Ex_Ccn3_Fezf2_Ptprc_3,0.9933691851017532
2523,Ex_Ccn3_Fezf2_Vgll3_1,0.9176955722288112
3458,Ex_Ccn3_Slc30a3_Dcn_1,0.9561669245651512
2987,Ex_Ccn3_Slc30a3_Grp,0.9905929486982358
432,Ex_Crym_Cldn22,0.9722722007242358
648,Ex_Crym_Csf2rb2,0.9874877001798738
1155,Ex_Crym_Cxcl12,0.961260479958294
4085,Ex_Crym_Mndal_1,0.9956645213567936
2026,Ex_Crym_Mndal_4,0.9645357844395136
63,Ex_Crym_Nuak2,0.9302684883155588
2684,Ex_Crym_Odad2_2,0.9239346618279408
4267,Ex_Crym_Odad2_3,0.9496125273843452
1990,Ex_Crym_Rgs5,0.9599932765110262
4868,Ex_Dach2_Arhgap36_2,0.9836606599204694
4862,Ex_Dach2_Arhgap36_3,0.9939237592789242
4482,Ex_Defb1_Gsta2_2,0.9489829942576776
4708,Ex_Defb1_Ldoc1_2,0.9780790392262688
4692,Ex_Defb1_Wif1,0.9923719300506632
2203,Ex_Dmrta2_Agtr1b_2,0.993634353274582
2206,Ex_Dmrta2_Arhgap36_2,0.8352295546182069
5150,Ex_Dmrta2_Chrna6_5,0.9969635893009652
2830,Ex_Dmrta2_Col6a6_3,0.9545638325019756
154,Ex_Dmrta2_Greb1_2,0.9799636383876822
2108,Ex_Dmrta2_Kcnmb1,0.9892202123605732
929,Ex_Dmrta2_Lrrc31_Th,0.9212448890089554
1403,Ex_Dsp_Atf3_1,0.9761407556700888
5212,Ex_Dsp_Atf3_2,0.9962159549640645
26,Ex_Dsp_Atf3_3,0.99140529238301
4228,Ex_Ebf2_6430628N08Rik_6,0.9998586265742334
1915,Ex_Ebf2_Abcc9_1,0.9928030836986717
1115,Ex_Ebf2_Abcc9_2,0.9717336223885256
4623,Ex_Ebf2_Adgrd1_1,0.9974027691836228
1071,Ex_Ebf2_Adgrd1_2,0.9985061575370096
3746,Ex_Ebf2_Adgrd1_3,0.9977839010897378
1407,Ex_Ebf2_C1ql2_2,0.9892530307081524
283,Ex_Ebf2_C1qtnf7_1,0.9991143970799206
5339,Ex_Ebf2_C1qtnf7_2,0.9978130844298162
5265,Ex_Ebf2_Cox8b_1,0.7676350020379253
8172,Ex_Ebf2_Cox8b_2,0.6565294840772238
4935,Ex_Ebf2_Ddit4l_1,0.99113885177967
3987,Ex_Ebf2_Ddit4l_3,0.9975272572440153
2533,Ex_Ebf2_Ddit4l_4,0.9983826677288404
3799,Ex_Ebf2_Dmrt2,0.9949903710637744
4911,Ex_Ebf2_Fam83f,0.904008126436578
1662,Ex_Ebf2_Fer1l6_1,0.9944689437385508
1829,Ex_Ebf2_Fer1l6_3,0.9956623718322426
1023,Ex_Ebf2_Fer1l6_5,0.9908423873276226
2353,Ex_Ebf2_Fzd9_1,0.9799330622818618
1705,Ex_Ebf2_Gask1b_2,0.8037902504895524
215,Ex_Ebf2_Gask1b_3,0.9997523374781352
5118,Ex_Ebf2_Glp1r_4,0.9797364962854976
4566,Ex_Ebf2_Lpar1,0.9921096098955432
3796,Ex_Ebf2_Mgp,0.9950949502800552
269,Ex_Ebf2_Nat8f6_1,0.9992463261192408
1053,Ex_Ebf2_Nat8f6_2,0.9968197190919388
2215,Ex_Ebf2_Nek11_2,0.8084422261655303
4965,Ex_Ebf2_Niban1_1,0.997614852251432
2813,Ex_Ebf2_Niban1_2,0.9988030075655152
1141,Ex_Ebf2_Nmu_1,0.9688134709490532
3911,Ex_Ebf2_Nmu_2,0.994426946252965
1265,Ex_Ebf2_Nmu_3,0.9883093903409336
4785,Ex_Ebf2_Npff_2,0.8509315978402983
4236,Ex_Ebf2_Olfr273_2,0.9998824693899968
2705,Ex_Ebf2_Olfr275,0.9742240827192892
2801,Ex_Ebf2_Pla2g5_10,0.8944388891939424
1193,Ex_Ebf2_Pla2g5_4,0.8055292295620226
34153,Ex_Ebf2_Prokr1_1,0.9714496152522822
4221,Ex_Ebf2_Prokr1_3,0.997864105715281
3914,Ex_Ebf2_Sec1_2,0.7970029254939013
1142,Ex_Ebf2_Tac2_1,0.9995931063915472
4238,Ex_Ebf2_Tac2_2,0.9902492435809636
2458,Ex_Ebf2_Tnfaip8_1,0.987691667961788
1039,Ex_Ebf2_Tnfaip8_2,0.988876620532684
314,Ex_Ebf2_Ucn3_1,0.9930665188267386
1665,Ex_Ebf2_Unc5cl,0.9767764857924044
1702,Ex_Ebf2_Vip,0.9754469136930716
2976,Ex_Ebf3_Adam33_12,0.7171962825694989
24595,Ex_Evx1_Cox4i2,0.7024801684182347
663,Ex_Evx2_Chat,0.8870860552196632
4887,Ex_Evx2_Clec9a,0.9615956677045728
4958,Ex_Evx2_Krt19,0.9950400395437716
2743,Ex_Evx2_Lmcd1_2,0.8925383070077145
1660,Ex_Evx2_Ngfr,0.981730960784812
3378,Ex_Evx2_Pdyn,0.9909890683458334
4500,Ex_Evx2_Prdm6_2,0.9858080773043252
3722,Ex_Fam163a_Adad2,0.9990757119417496
3724,Ex_Fam163a_Kcne4_2,0.9442501659978964
2526,Ex_Fam163a_Npy2r,0.9959630894746058
2962,Ex_Fam163a_Prdm6_2,0.9120811368877222
3674,Ex_Fam163a_Prdm6_3,0.8319123108795013
3108,Ex_Fbxl7_Hmga2,0.9602054309231406
770,Ex_Fbxl7_Tmem72_2,0.9442186050672352
2254,Ex_Fbxl7_Tmem72_3,0.9601446834182644
4475,Ex_Fbxo40_Kcnk5_1,0.948717578302928
14985,Ex_Fev_Kif18b,0.9998829756735196
3183,Ex_Fev_Sln,0.9917157340986524
318,Ex_Fezf2_C1qtnf7,0.971942864957292
91,Ex_Fezf2_Cdc25c_3,0.9521100506650206
1077,Ex_Fezf2_Cfap58_1,0.988964066215231
394,Ex_Fezf2_Chrna6,0.9939803855327044
1339,Ex_Fezf2_Cnksr3_Areg,0.8389593808398054
66,Ex_Fezf2_Col6a1_Gp139_Fos,0.9783599105703924
738,Ex_Fezf2_Dlk1_A730049H05Rik,0.9724584024231636
126,Ex_Fezf2_Dlk1_Meis2,0.9980143103790072
443,Ex_Fezf2_Fibcd1_Fos_Sema3e,0.9897190759359484
372,Ex_Fezf2_Fn1_Mctp2,0.9931040454581485
289,Ex_Fezf2_Hc,0.9747164208181996
402,Ex_Fezf2_Hmga2_Gfra2,0.9949673041328834
204,Ex_Fezf2_Hmga2_Ttc6,0.996968150893565
182,Ex_Fezf2_Il22,0.9885910437923948
4628,Ex_Fezf2_Lhx9_3,0.991732558526364
121,Ex_Fezf2_Lipm,0.989425787001016
87,Ex_Fezf2_Pvalb_Pirt,0.9718252761600402
5088,Ex_Fezf2_Spaar,0.9898275094244914
41,Ex_Fezf2_Tmem255b_1,0.9474130674276636
1129,Ex_Fezf2_Tmem255b_2,0.9663319047403436
226,Ex_Fibcd1_Psrc1_2,0.96956028773924
918,Ex_Fibcd1_Slc9a4_1,0.963605148432767
4520,Ex_Fibcd1_Slc9a4_2,0.9734699915313664
4365,Ex_Fibcd1_Tacr3_1,0.963969179197938
2317,Ex_Fn1_Cfap58,0.9686551080290616
2382,Ex_Foxb1_Arhgef38_2,0.9825620688882024
4926,Ex_Foxb1_Arhgef38_5,0.9903151769642998
2462,Ex_Foxb1_Ctxn3_1,0.9321505883759724
3669,Ex_Foxb1_Ctxn3_3,0.9631250753630066
5075,Ex_Foxb1_Plekhg6,0.966755873375162
47,Ex_Foxd3_Irx4_2,0.957376424228306
1586,Ex_Foxp2_C130074G19Rik_1,0.9648705604244624
610,Ex_Foxp2_Esp24,0.9666801513613648
76,Ex_Foxp2_Myzap,0.7570793381709953
3589,Ex_Gabra6_Gabrd,0.9501177186394402
3758,Ex_Gata3_Tgm6_2,0.9457677957309132
4407,Ex_Gbx2_Adam18_2,0.9918316283078932
4305,Ex_Gbx2_Wif1,0.9991542067640206
1035,Ex_Hmx2_Abcc9_3,0.9511827122170824
1714,Ex_Hmx2_Ppef1_4,0.9872986912916184
2613,Ex_Hmx3_Npbwr1,0.9966043276264382
4144,Ex_Hmx3_Sst,0.8918473359137661
4020,Ex_Hoxb3_Ldlrap1_14,0.8000772977047345
2448,Ex_Hoxb3_Ldlrap1_16,0.935353126137163
3165,Ex_Hoxb3_Ldlrap1_17,0.972451025377691
4052,Ex_Hoxb3_Ldlrap1_18,0.97778740330666
4548,Ex_Hoxb3_Ldlrap1_3,0.9730684455090134
3124,Ex_Hoxb3_Ldlrap1_9,0.9746472406473032
24429,Ex_Hoxb5_Epsti1_1,0.9952632463767148
4381,Ex_Hoxb5_Klc3,0.9868198381994568
4655,Ex_Hoxb5_Prdm16_2,0.9227263512121232
3701,Ex_Hoxc4_Slc22a3,0.9908544597030328
3829,Ex_Hoxc6_Dpp4,0.960836037940752
141,Ex_Hoxc6_Epsti1_2,0.9799609667947076
3816,Ex_Hoxc6_Ppef1,0.9891818612293212
234,Ex_Hoxc6_Rxfp2_2,0.9786309921955731
2693,Ex_Iqcj_Ms4a15_1,0.9627350582102168
3595,Ex_Iqcj_Ms4a15_2,0.9933412562286902
2262,Ex_Iqcj_Ms4a15_4,0.934886767325248
2717,Ex_Iqcj_Ms4a15_6,0.9997494739147048
1935,Ex_Iqcj_Ms4a15_8,0.9217846425453362
4061,Ex_Irx1_Padi1_1,0.974733017131427
1690,Ex_Irx1_Padi1_3,0.9891240823040248
14884,Ex_Irx2_Col2a1_3,0.84093487390642
3524,Ex_Irx2_Nppc_1,0.99399667726958
2524,Ex_Irx2_Nppc_3,0.9967169511215586
2933,Ex_Irx2_Popdc3_1,0.9890752652141892
2913,Ex_Irx2_Popdc3_2,0.9946158756080848
4825,Ex_Irx2_Twist1_2,0.9537294257057723
2912,Ex_Irx2_Twist1_7,0.9966750408801652
1478,Ex_Lamc3_Fzd9_1,0.9518505234687022
4088,Ex_Lamc3_Fzd9_2,0.9841262068152083
3331,Ex_Lhx2_Frk,0.9831337592992732
4845,Ex_Lhx2_Gng8_2,0.9586478033530396
2039,Ex_Lhx2_Hgf_1,0.9865234900990788
4795,Ex_Lhx2_Nek11_7,0.9995959446598228
4151,Ex_Lhx2_Tlx1_1,0.9534233633906404
3473,Ex_Lhx2_Tlx1_2,0.9920969829111356
2310,Ex_Lhx3_Col5a2,0.9871497793461924
2499,Ex_Lhx3_Il1f9,0.8523662556894233
5103,Ex_Lhx3_Slc5a7_2,0.8141277960351292
3700,Ex_Lhx3_Slc5a7_4,0.94870725662073
3094,Ex_Lhx3_Tlcd1_2,0.8831430360481395
4176,Ex_Lhx9_A1bg_1,0.997614630860131
24521,Ex_Lhx9_Acp7,0.9830347260537956
2265,Ex_Lhx9_Chrm1_1,0.950598529908852
5013,Ex_Lhx9_Frk_1,0.9890793732976352
4134,Ex_Lhx9_Hsd17b14_1,0.7202131615155295
4542,Ex_Lhx9_Mcoln2,0.9835357359839046
181,Ex_Lhx9_Mstn_Vxn,0.9965671648781912
2606,Ex_Lhx9_Nps_4,0.9838529908052602
2420,Ex_Lhx9_Ppp1r1c,0.9616608358009836
1011,Ex_Lhx9_Ripk4,0.973064057894056
2655,Ex_Lhx9_Slc38a11_2,0.9837092289232854
24575,Ex_Lhx9_Tslp,0.9614383670061516
2908,Ex_Lhx9_Tyrp1_1,0.9774404730544496
1713,Ex_Lhx9_Wdr72,0.9533326797180331
24613,Ex_Lmx1a_Cbln2_2,0.983031853697792
2244,Ex_Lmx1a_Crhbp_2,0.9984472759903068
2580,Ex_Lmx1a_Csf2rb2_1,0.7960552838145069
2340,Ex_Lmx1a_Csf2rb2_3,0.9468026785557616
926,Ex_Lmx1a_Dkkl1,0.970889142642928
2571,Ex_Lmx1a_H2-Q10_2,0.997913710096171
2798,Ex_Lmx1a_Myf5,0.9966678387867643
2188,Ex_Lmx1a_Pgr15l_2,0.7484946917169478
248,Ex_Lmx1a_Samd3,0.9788978968547136
4117,Ex_Lmx1a_Serpina9,0.976292045961817
1210,Ex_Lmx1a_Smd3,0.9308825853383856
4233,Ex_Lmx1b_Arsj_2,0.9935456732623686
4508,Ex_Lmx1b_Cd36_2,0.9216135708003876
2786,Ex_Lmx1b_Dynap_4,0.8700080808393565
4250,Ex_Lmx1b_Dynap_5,0.8332955111345837
24688,Ex_Lmx1b_Dytn,0.8879479355409238
2274,Ex_Lmx1b_Olfr25,0.7205501379351517
14990,Ex_Lmx1b_Pi15,0.7406339115605921
3269,Ex_Lmx1b_Scn5a_2,0.7283124875365343
787,Ex_Lypd6b_Dipk1c_2,0.976253583410088
1516,Ex_Maff_Atf3_1,0.995988013829952
5268,Ex_Maff_Atf3_3,0.9991130543693816
4515,Ex_Neurod6_Fam83b,0.975550138605066
1563,Ex_Neurod6_Pou4f3_1,0.9588651522575752
4993,Ex_Neurod6_Pou4f3_3,0.9653774580015166
2826,Ex_Nkx2-1_Nppb,0.7517312761217271
1882,Ex_Nkx2-1_Otp_2,0.9991031646779124
547,Ex_Nkx2-1_Pmch_1,0.9635798380346832
2153,Ex_Nkx2-1_Pmch_2,0.9991432171139992
2440,Ex_Nkx2-4_Calcr_5,0.9965765327719404
1028,Ex_Nkx2-4_Calcr_7,0.994793406000254
2318,Ex_Nkx2-4_Cd44_1,0.9775403619796724
1684,Ex_Nkx2-4_Cdkn1c_1,0.8060147791899174
1207,Ex_Nkx2-4_Grpr_5,0.989441266623092
2149,Ex_Nkx6-1_Atp6v1c2,0.8677687417754358
4749,Ex_Nkx6-1_Gucy2c_2,0.9944914599316532
1606,Ex_Nkx6-1_Gucy2c_3,0.995122656262054
2574,Ex_Nkx6-1_Gucy2c_4,0.997186173998284
2144,Ex_Nkx6-1_Nccrp1_1,0.8287688550710485
51,Ex_Nxph4_Kynu,0.9881712036791344
32,Ex_Nxph4_Megf6,0.9947738115517056
1148,Ex_Nxph4_Moxd1_Igfbp4,0.975086932856125
2079,Ex_Nxph4_Nmbr,0.8747196293421355
3880,Ex_Nxph4_Olfr110_Cplx3,0.9323206200198104
4527,Ex_Nxph4_Twist1_4,0.7118327156395645
100,Ex_Onecut2_Hmx3_Trim6_1,0.9536235008367347
1554,Ex_Onecut3_Mup6,0.8573831289249061
4904,Ex_Oprk1_Col11a1,0.9641982659167588
1014,Ex_Pax2_Erfl_4,0.9389987871181992
34372,Ex_Pax5_Rgs13_1,0.683521751296975
1569,Ex_Pax6_Avpr1a_3,0.9990360606209122
1018,Ex_Pax6_Pgr15l_1,0.998695453840685
1250,Ex_Pax6_Pgr15l_2,0.9949631443342686
2793,Ex_Pax8_Rassf10,0.6409699516315259
3684,Ex_Phox2_4930469K13Rik,0.990411866535354
2716,Ex_Phox2a_Nms,0.9966531280078754
2983,Ex_Phox2a_Qrfpr,0.970274314565278
3963,Ex_Phox2b_Adora2a,0.9998926521764264
4220,Ex_Phox2b_Bmp3_3,0.9966294252492116
3931,Ex_Phox2b_Cd36,0.9721287043472464
2621,Ex_Phox2b_Clca3a2,0.9996769118457464
3951,Ex_Phox2b_Dbh_4,0.7555954297631821
3907,Ex_Phox2b_Ddc,0.980401457862005
2637,Ex_Phox2b_Dkk2_2,0.9994417278287964
2181,Ex_Phox2b_Dpy19l2,0.9939887947135796
3910,Ex_Phox2b_Dsc3_1,0.9758828841171826
3919,Ex_Phox2b_Esm1,0.997859657744909
4019,Ex_Phox2b_Frem2,0.983959531454398
3793,Ex_Phox2b_Ghrh_1,0.9697584422215528
3942,Ex_Phox2b_Hhip_1,0.9985511706569536
822,Ex_Phox2b_Igfbpl1_3,0.7719259718104289
4316,Ex_Phox2b_Igfbpl1_5,0.9965096471983526
15032,Ex_Phox2b_Npffr2_1,0.9819503073567918
3090,Ex_Phox2b_Olfr560_1,0.9716868931865555
4055,Ex_Phox2b_Olig3_6,0.7851548486013816
4325,Ex_Phox2b_Olig3_7,0.8916472825601451
1114,Ex_Phox2b_Pdyn_4,0.999843384128079
3694,Ex_Phox2b_Pdyn_6,0.982721436507836
1629,Ex_Phox2b_Sall1,0.9344019185546808
4227,Ex_Phox2b_Sh2d6,0.9921510127971048
34139,Ex_Phox2b_Shisa3,0.9931018251147692
3521,Ex_Phox2b_Slc39a12_2,0.9855669477251088
4490,Ex_Phox2b_Slc39a12_5,0.9845946548660732
4415,Ex_Phox2b_Slitrk6,0.9862414820159742
3869,Ex_Phox2b_Susd5_1,0.9874429728826224
1447,Ex_Phox2b_Susd5_2,0.9474652539692408
3830,Ex_Phox2b_Tmem100,0.9991726946952528
2273,Ex_Pitx2_Lamp3_1,0.7782388452162393
3543,Ex_Pitx2_Skor2,0.997066837138596
1634,Ex_Pitx2_Zbtb7c_5,0.9948212433332682
64,Ex_Plcg2_Ret_1,0.9951536867181274
502,Ex_Plekhg1_Epha1_Cd44_2,0.8968482129669426
2900,Ex_Plekhg1_Fign_Ppp1r3a_2,0.8715075969338482
4821,Ex_Plekhg1_Fign_Ppp1r3a_3,0.9508935863541896
515,Ex_Plekhg1_Fign_Ppp1r3a_4,0.9925205755101988
5074,Ex_Plekhg1_Fign_Ppp1r3a_5,0.9913367424375708
1570,Ex_Plekhg1_Fign_Ppp1r3a_6,0.9922099234326376
1405,Ex_Plekhg1_Fign_Tnc_2,0.8475766255401374
5035,Ex_Plekhg1_Fign_Tnnt1_1,0.984001293428769
3860,Ex_Plekhg1_Pth2r_Dio2_1,0.9690622007180176
5070,Ex_Plekhg1_Pth2r_Frem3_2,0.9811228373460934
2159,Ex_Plekhg1_Pth2r_Frem3_4,0.780032850301767
5032,Ex_Plekhg1_Pth2r_Rxfp1_1,0.99154500653639
175,Ex_Plekhg1_Pth2r_Rxfp1_2,0.9817601634922052
4213,Ex_Plekhg1_Pth2r_Slc17a8,0.9772879883561342
5073,Ex_Plekhg1_Tspear_Abhd12b,0.982878785426432
246,Ex_Plekhg1_Tspear_C6_2,0.956417415034066
5047,Ex_Plekhg1_Tspear_C6_3,0.993994201172838
2495,Ex_Pou4f1_Cdh3_Lpar1,0.966251108297142
4799,Ex_Pou4f1_Fads2b_2,0.9986420888016276
3603,Ex_Pou4f1_Fads2b_3,0.9847007720706524
2909,Ex_Pou4f1_Gpr151_Col5a3,0.9391808806501876
384,Ex_Pou4f1_Htr5b_10,0.9982104550995284
186,Ex_Pou4f1_Htr5b_11,0.9960070556073434
193,Ex_Pou4f1_Htr5b_13,0.9486623082732578
2145,Ex_Pou4f1_Htr5b_1,0.9598462109623632
559,Ex_Pou4f1_Htr5b_5,0.9964354408638189
4064,Ex_Pou4f1_Htr5b_6,0.992517603442956
922,Ex_Pou4f1_Htr5b_7,0.995676646259686
3163,Ex_Pou4f1_Htr5b_8,0.997151670165447
3813,Ex_Pou4f1_Htr5b_9,0.9981453692460625
5012,Ex_Pou4f1_Scml2,0.9025074054220482
2732,Ex_Pou4f1_Tyrp1,0.933285722389245
4894,Ex_Pou4f2_Gdpd4,0.6932413701446247
4810,Ex_Pou4f2_Hpse2_3,0.9979838474849833
3969,Ex_Pou4f2_Olfr560_2,0.8435711117257453
4672,Ex_Pou4f2_St14_1,0.9636979493965612
4526,Ex_Pou4f3_Wfdc10_1,0.6688051836097475
4660,Ex_Pou4f3_Xdh,0.7498156935105998
4871,Ex_Prox1_Bhlhe23_1,0.8012780685968328
2404,Ex_Prox1_Cmbl,0.9410933145381596
467,Ex_Rorb_Cbln1_Abca8a,0.994777672096525
321,Ex_Rorb_Hc_Sox6,0.6340571467536117
3584,Ex_Rorb_Lcp1,0.9860376369144496
96,Ex_Rorb_Pirt_Fn1,0.966940608947452
34197,Ex_Sall1_Apela,0.7428315023746788
3476,Ex_Sall1_Pmfbp1_2,0.984262949388234
2372,Ex_Sall1_Pmfbp1_3,0.9977161130883136
2759,Ex_Samd3_Chrna2,0.9969702796308616
943,Ex_Samd3_Emx2_1,0.9840902164299428
49,Ex_Samd3_Emx2_3,0.9951602036416548
2034,Ex_Samd3_Emx2_5,0.995770981473756
1726,Ex_Samd3_Emx2_7,0.9843497224203204
2465,Ex_Sim1_Abcc9_3,0.9999294321500344
14881,Ex_Sim1_Adgb_2,0.8866890366226959
2062,Ex_Sim1_Bsx_2,0.995031393235372
1987,Ex_Sim1_Dnah8_Oxt,0.895478243250579
2170,Ex_Sim1_Nkx2-2_Asb4_5,0.9984395876952256
4024,Ex_Sim1_Trh_1,0.9979834544205012
1377,Ex_Sim1_Trh_3,0.9996942098636548
486,Ex_Sim1_Trh_7,0.9971564667452342
2479,Ex_Sim1_Ucn3_2,0.9915580921747555
1124,Ex_Sim1_Ucn3_3,0.962940858921414
166,Ex_Skor1_Calr4,0.9951820669818316
790,Ex_Skor1_Emx2_2,0.984268504844986
110,Ex_Skor1_Frem1_1,0.9886325772207832
168,Ex_Skor1_Frem1_2,0.9915572217261726
3867,Ex_Skor1_Il31ra_2,0.9940814970124382
1160,Ex_Skor1_Kdr_3,0.9958681560153172
4412,Ex_Skor1_Pon2_3,0.9484102421447308
2754,Ex_Skor1_Samd3_1,0.9760105622548462
2752,Ex_Slc12a7_Krt19,0.9608108893268902
439,Ex_Slc12a7_Sp110,0.9793781210163072
3288,Ex_Slc30a3_Best3_2,0.9915872791788196
209,Ex_Slc30a3_Best3_4,0.868857571422669
306,Ex_Slc30a3_Cfap58,0.9357109218112172
480,Ex_Slc30a3_Crlf1_2,0.9661129232268412
220,Ex_Slc30a3_Ebf1_Scn5a,0.9930596472741894
309,Ex_Slc30a3_Gsta2_2,0.6950345971173837
1008,Ex_Slc30a3_Gsta2_3,0.9674609641086316
265,Ex_Slc30a3_Klhl14_Ndnf,0.9971986685434338
5121,Ex_Slc30a3_Klhl14,0.9986955110040984
1145,Ex_Slc30a3_Lrmp_Il1rl2_Slc17a6,0.9932881784576232
5081,Ex_Slc30a3_Lrmp_Il1rl2,0.9012735928565836
255,Ex_Slc30a3_Sec14l3,0.9535535475914392
4766,Ex_Slc30a3_Shisa8_3,0.9833411664075892
272,Ex_Slc30a3_Ssmem1_1,0.992039522681586
379,Ex_Slc30a3_Ssmem1_2,0.9976017288097696
333,Ex_Slc30a3_Teddm3_1,0.9150789040785337
884,Ex_Slc30a3_Teddm3_5,0.9907546471736808
14925,Ex_Sln_A730046J19Rik,0.8608349276079132
4488,Ex_Sln_Niban1,0.9960981850553614
5156,Ex_Sln_Sost_1,0.9979162913407584
2751,Ex_Sln_Sost_2,0.994356907837363
3110,Ex_Sox14_Sp8_2,0.9278881359279374
4650,Ex_Sox6_Cartpt_3,0.8723026883985774
4908,Ex_Sox6_Edn1_1,0.9366142577913692
2373,Ex_Sox6_Irx6_1,0.6764661152557453
4876,Ex_Sox6_Ttc29_2,0.9201551846381542
1609,Ex_Tcf24_Serpina12_2,0.9735883071519416
24658,Ex_Tcf24_Serpina12_3,0.9565581444415584
1007,Ex_Tcf7l2_Ccdc80,0.9743529377564152
5099,Ex_Tcf7l2_Fbln1_Tead4_1,0.8837449957370107
2787,Ex_Tcf7l2_Lhx2_Ros1_2,0.99493374218085
913,Ex_Tfap2b_Calcr,0.989263773128944
2778,Ex_Tfap2b_Ccdc172_Calcr,0.994244883499339
4938,Ex_Tfap2b_Dnah11,0.9905961268753491
3144,Ex_Tfap2b_Ramp3_6,0.984826035401459
4879,Ex_Tfap2b_Rxfp2_3,0.978930853247276
3396,Ex_Tfap2b_Saa1,0.988488193053424
2008,Ex_Tfap2b_Sult3a2_2,0.9825031653046804
4878,Ex_Tfap2b_Sult3a2_3,0.9465504435738124
3265,Ex_Tfap2b_Trim63,0.991567415154396
4565,Ex_Tfap2d_A730009L09Rik,0.9926366507125148
4567,Ex_Tfap2d_Atp6ap1l_4,0.9891768893003556
5079,Ex_Tfap2d_Casq2,0.9712926014186916
4579,Ex_Tfap2d_Crhr2_2,0.6516178000963515
4489,Ex_Tfap2d_Crhr2_3,0.9958463071693548
2868,Ex_Tfap2d_Ctsc,0.9721232611930292
4586,Ex_Tfap2d_Gask1b_1,0.9836010828140812
944,Ex_Tfap2d_Gask1b_3,0.9930231455610432
3234,Ex_Tfap2d_Npnt_6,0.9587793170634308
4569,Ex_Tfap2d_Npr1_2,0.9962408598975102
4995,Ex_Tfap2d_Snorc_3,0.7058479480822782
201,Ex_Vsx2_Cdc42ep5,0.9781487210406752
3096,Ex_Vsx2_Drd3_2,0.9445221193407144
2564,Ex_Vsx2_Lhx3_3,0.9941965574102972
1123,Ex_Vsx2_Nps_2,0.9723965300480608
2634,Ex_Vsx2_Pgm5_7,0.9914114308458272
3083,Ex_Vsx2_Pgr15l,0.9292641035540956
4625,Ex_Vsx2_Tecta_2,0.9438397918801256
4078,Ex_Vsx2_Tecta_3,0.7309587049146975
3033,Ex_Vsx2_Tnnt1_3,0.999381654113441
24574,Ex_Vsx2_Txnrd3,0.963657861182291
3786,Ex_Vsx2_Wnt2,0.8774064360145375
54,Ex_Vwc2l_Gli2,0.8681604606111075
4647,Ex_Zic1_Mybpc1,0.9878558694465795
1223,Fibro_Eya2_Ccdc192_3,0.9642906922188323
1321,Fibro_Eya2_Ccl11,0.9941408191352876
4187,Fibro_Eya2_Dapl1,0.995745324731814
1868,Fibro_Eya2_Inmt,0.9868353866436717
335,Fibro_Eya2_Lypd2_2,0.9976864869695928
108,Fibro_Eya2_Lypd2_3,0.9879953700644604
363,Fibro_Eya2_Meox2,0.993594127893696
726,Fibro_Eya2_Obp1a,0.9772120786516854
3726,Fibro_Eya2_Ptgs2,0.9026952057542076
5266,Fibro_Eya2_Rbp4_1,0.9956376892430262
737,Fibro_Eya2_Rbp4_2,0.984834515020004
4150,Fibro_Eya2_Rbp4_3,0.938979253463169
960,Fibro_Eya2_Rbp4_4,0.9978433498880316
2978,Fibro_Eya2_Slc47a1_1,0.9633050408757632
4984,Fibro_Eya2_Slc47a1_3,0.9937003726257176
4310,Fibro_Eya2_Slc47a1_4,0.9983626986651538
5257,Fibro_Eya2_Slc47a1_5,0.9971538440138858
760,Fibro_Eya2_Srpx2,0.961017872043609
2418,Fibro_Eya2_Syt9_2,0.9950966014118546
2502,Fibro_Eya2_Unc5c_2,0.9948372410723686
3212,Fibro_Vdr_Bglap,0.9997541786937044
504,Fibro_Vdr_Mmp13_1,0.990387452941628
1368,Fibro_Vdr_Mmp13_w,0.9986438039222448
940,Inh_Clic4_Ano3_2,0.7271078663606365
1964,Inh_Cobll1_Heg1,0.9506282507193788
5033,Inh_Dmbx1_Gpx6,0.9946488089673624
3583,Inh_Dmbx1_Mab21l3_1,0.9969325766500532
3693,Inh_Dmbx1_Mab21l3_2,0.9776978299479652
4464,Inh_Dmbx1_Slc34a2_2,0.8131820030348348
2060,Inh_Dmbx1_Wnt7b_2,0.9988484710833532
210,Inh_Dmbx1_Wnt7b,0.9836137268877616
34233,Inh_Dmrt3_Mecom_2,0.8489494299130588
34140,Inh_Dmrt3_Prdm6_1,0.9978687655981684
3998,Inh_Ebf2_Cox8b_1,0.9986930119931144
2975,Inh_Ebf2_Stc1_1,0.958070266183913
877,Inh_Ecel1_Asb4_3,0.9912237268601688
2696,Inh_Emx2_Foxa2_4,0.974320989223002
3520,Inh_Emx2_Irx4,0.9826707855973852
982,Inh_Emx2_Pirt_1,0.969610354809535
4849,Inh_Fbxl7_Adad2_3,0.9285401110549688
2355,Inh_Fbxl7_C7,0.7734160623988682
1001,Inh_Fbxl7_Cyp26b1_3,0.995075614106098
4121,Inh_Fbxl7_Tnc,0.9139490160535002
2703,Inh_Foxa2_Upp1_2,0.8688221497304096
4391,Inh_Foxp2_Pdlim3_2,0.8771613862637446
1459,Inh_Foxp2_Sox2_1,0.9521816915358672
4727,Inh_Frm7_4930523C07Rik,0.9891279838614428
1998,Inh_Frm7_Atp1b4,0.976593521191306
2930,Inh_Frm7_Otop1_1,0.9976706885800002
1525,Inh_Frm7_Otop1_2,0.9912885667486524
286,Inh_Frm7_Otop1_3,0.9976351567877656
3021,Inh_Frmd7_Ano2_1,0.9979225609087972
2319,Inh_Frmd7_Crhbp_1,0.9962391135494888
1174,Inh_Frmd7_Crhbp_2,0.9945596707121548
1309,Inh_Frmd7_Crhbp_4,0.995657887034216
128,Inh_Frmd7_Drd2,0.9992303524314238
1349,Inh_Frmd7_Emp2_1,0.9985238859508048
3380,Inh_Frmd7_Ltbp2_2,0.996227935036355
4023,Inh_Frmd7_Mgam,0.933646177072626
92,Inh_Frmd7_Olfr142_10,0.99385421072527
212,Inh_Frmd7_Olfr142_1,0.9319103633025928
2803,Inh_Frmd7_Olfr142_5,0.9587240048083778
1398,Inh_Frmd7_Slc17a8,0.9988260176210344
4730,Inh_Frmd7_Slc26a7_1,0.9392594681998184
138,Inh_Frmd7_Slc26a7_2,0.9863847971738172
2632,Inh_Frmd7_Stk33_3,0.6918304031816815
1379,Inh_Frmd7_Trhr_2,0.8466447692429696
5068,Inh_Frmd7_Trhr_3,0.9972510957766056
1311,Inh_Frmd7_Trhr_6,0.6901870183516414
4953,Inh_Fzd6_Kcnk5,0.985637891724599
3215,Inh_Gata3_Areg_2,0.992939774941068
8798,Inh_Gata3_Cd200r1_1,0.9977160560536588
1697,Inh_Gata3_Cd200r1_2,0.982814839802206
5067,Inh_Gata3_Cd200r1_3,0.9998874128112966
745,Inh_Gata3_Crhbp_3,0.9921446364686936
1364,Inh_Gata3_Cryba2_1,0.9980804482309454
8799,Inh_Gata3_Crybb1,0.998962350344605
252,Inh_Gata3_Frk_3,0.9697979427608864
2198,Inh_Gata3_Gm11639_2,0.9670815482850312
4361,Inh_Gata3_Gsc2_4,0.9353506266693868
1111,Inh_Gata3_Gxylt2_2,0.987924926531424
728,Inh_Gata3_Il23r,0.9962312619228214
935,Inh_Gata3_Lrrc38,0.9917106225923566
3840,Inh_Gata3_Lum,0.994731543277722
946,Inh_Gata3_Mmrn1_1,0.9874387648676816
71,Inh_Gata3_Mmrn1,0.9945833312355452
754,Inh_Gata3_Npy2r_3,0.8929707027491985
3174,Inh_Gata3_Olfr48_2,0.9937805125629992
3372,Inh_Gata3_Olfr48_5,0.9311320482863746
5062,Inh_Gata3_Otx1_Pdlim3_2,0.9973326376544251
1519,Inh_Gata3_Otx1_Pdlim3_3,0.9956331909718916
4737,Inh_Gata3_Pdlim3_4,0.99824551412052
3587,Inh_Gata3_Ppm1j,0.99892280328448
3385,Inh_Gata3_Rln3_1,0.9853899065739862
1392,Inh_Gata3_Sall1_1,0.9633628276133664
3248,Inh_Gata3_Sall1_3,0.933360315500244
34187,Inh_Gata3_Sall1_6,0.9959216223149576
4444,Inh_Gata3_Sall1_8,0.9972135805642904
2119,Inh_Gata3_Tcim,0.9039320926082908
24717,Inh_Gata3_Tnni3_1,0.9954797667536702
3347,Inh_Gata3_Tnni3_2,0.9667142126210172
712,Inh_Gata3_Tnni3_4,0.9743467319130128
5044,Inh_Gata3_Tnnt1_3,0.92845974353363
3403,Inh_Gata3_Trh,0.866559332952956
3336,Inh_Gbx1_Atp8b1_10,0.9498435407258446
778,Inh_Gbx1_Atp8b1_4,0.9802052958049988
1588,Inh_Gbx1_Atp8b1_6,0.9866249314288578
2721,Inh_Gbx1_Atp8b1_8,0.9295298491676922
1579,Inh_Gbx1_Atp8b1_9,0.9493617338954292
817,Inh_Gbx1_Htr1a_2,0.9174290210842736
4265,Inh_Gbx2_Chrna5_4,0.9788320745987472
3146,Inh_Hoxb5_Tal1_3,0.8651039005569381
838,Inh_Hoxc4_Abcc9_1,0.990639053746534
236,Inh_Hoxc4_Chrdl2_3,0.9926452119398312
1287,Inh_Hoxc4_Chrdl2_7,0.709875602587194
1,Inh_Hoxc4_F5_1,0.9700708420072178
1047,Inh_Hoxc4_F5_2,0.981244069210194
21,Inh_Hoxc4_Fbln2_2,0.99024608453404
3607,Inh_Htr3a_Bmp3_1,0.9915128304209618
4102,Inh_Htr3a_Bmp3_2,0.99433533169997
5344,Inh_Htr3a_Bmp3_4,0.998019950900006
1227,Inh_Htr3a_Bmp3_5,0.995010575910665
718,Inh_Htr3a_Col5a2,0.9962107248762412
1766,Inh_Htr3a_Ibsp_1,0.9982301710888564
690,Inh_Htr3a_Ibsp_2,0.9709115313268462
686,Inh_Htr3a_Nxph3,0.9988182774443416
1344,Inh_Htr3a_Pdzph1_2,0.9787565699676344
1281,Inh_Htr3a_Pdzph1_4,0.9996838815539756
720,Inh_Htr3a_Prok2,0.9926206885763702
5082,Inh_Htr3a_Prom1_2,0.988797793159947
3350,Inh_Irx4_Catspere1_1,0.9674429594229372
3342,Inh_Irx4_Catspere1_3,0.9958627624297652
2680,Inh_Irx4_Wif1,0.9363551157083266
4374,Inh_Irx5_Tafa4_4,0.9594465678397278
3550,Inh_Isl1_Drd1_Folh1_1,0.9962781070973376
863,Inh_Lamp5_Ndnf_Prom1,0.9828295667338682
4091,Inh_Lhx1_Egflam_5,0.9305991222152866
3418,Inh_Lhx1_Pax3_1,0.9938324673177902
733,Inh_Lhx1_Wnt5a_2,0.9766896090031124
82,Inh_Lhx6_Car8_4,0.92436069489413
815,Inh_Lhx6_Car8_5,0.9827597585935226
2049,Inh_Lhx6_Car8_6,0.9803116601356366
748,Inh_Lhx6_Cox6a2_Nxph2_1,0.9835451634746112
3485,Inh_Lhx6_Cox6a2_Postn,0.9986798377335212
579,Inh_Lhx6_Crhbp_1,0.9971668535215874
3022,Inh_Lhx6_Cxcr4_1,0.9951598904326844
1664,Inh_Lhx6_Cxcr4_2,0.8938082058026489
1425,Inh_Lhx6_Cxcr4_3,0.996099345886838
5129,Inh_Lhx6_Cxcr4_5,0.9930295077501602
1033,Inh_Lhx6_Cxcr4_7,0.8721897430288982
1096,Inh_Lhx6_Cyp26a1,0.662447385437387
1242,Inh_Lhx6_Esr2_12,0.96612961240899
514,Inh_Lhx6_Esr2_13,0.9997819132013208
5052,Inh_Lhx6_Esr2_14,0.9949675659540052
897,Inh_Lhx6_Esr2_15,0.9943723571777852
65,Inh_Lhx6_Esr2_9,0.9836074304568236
757,Inh_Lhx6_Gm8113_Pthlh,0.9800416738051512
77,Inh_Lhx6_Gpr174_2,0.990569539955516
2707,Inh_Lhx6_Iqca_5,0.9545575209782444
869,Inh_Lhx6_Kcnmb1_1,0.9897336626324322
2821,Inh_Lhx6_Kcnmb1_2,0.9854512834279208
1163,Inh_Lhx6_Kcnmb1_3,0.9922764927061156
1858,Inh_Lhx6_Lamp5_Hcrtr2,0.9858011365134924
1898,Inh_Lhx6_Myo1h_1,0.9196991840994052
795,Inh_Lhx6_Nmu_2,0.9955963706912576
3176,Inh_Lhx6_Pthlh,0.993551884298836
730,Inh_Lhx6_Serpinb1b_2,0.992292960956132
758,Inh_Lhx6_Sfrp1_1,0.99083323476895
34177,Inh_Lhx6_Sfrp1_2,0.998950173686114
1140,Inh_Lhx6_Sfrp1_5,0.9995561766071024
523,Inh_Lhx6_Spag17,0.9733195499864062
526,Inh_Lhx6_Sst_A730009L09Rik_Kcnh8,0.9935625402313706
4772,Inh_Lhx6_Sst_Ccna1_3,0.9883826375648148
2833,Inh_Lhx6_Sst_Chodl_1,0.999692740610852
389,Inh_Lhx6_Sst_Chodl_2,0.9991124541547316
744,Inh_Lhx6_Sst_Col6a5_5,0.9713619883416102
34226,Inh_Lhx6_Sst_Col6a5_7,0.8922599849094625
1176,Inh_Lhx6_Sst_Crh_Nnmt_1,0.9967457269938572
2,Inh_Lhx6_Sst_Crh_Nnmt_4,0.9956013059319662
545,Inh_Lhx6_Sst_Ctsc_2,0.990692814846384
219,Inh_Lhx6_Sst_Ctsc_3,0.982661480570716
512,Inh_Lhx6_Sst_Ffar4,0.9987555795657592
542,Inh_Lhx6_Sst_Itgad,0.9897081392619748
5041,Inh_Lhx6_Sst_Th_Ephb1,0.987630179711762
4018,Inh_Lhx6_Vmn1r209_2,0.956368376271101
4352,Inh_Lmo2_Chrna2_2,0.9781322593221492
1754,Inh_Nkx2-1_Gm8113_3,0.883933361824228
3217,Inh_Nkx2-1_Serpinb2,0.9694906719683964
1581,Inh_Nkx2-1_Sst_2,0.989285491812326
3427,Inh_Nkx2-2_Dact1,0.9921547911048908
1084,Inh_Nkx2-2_Gata2_10,0.9712162341169616
1641,Inh_Nkx2-2_Npy_2,0.9723035867935188
3419,Inh_Nkx2-2_Tecrl_1,0.9866695681919798
34316,Inh_Nkx6-1_Cox8b,0.9986467027532336
1486,Inh_Nrk_Drd3,0.9981486476970916
4156,Inh_Nrk_Gpr176_1,0.9981196013381466
2399,Inh_Nrk_Gpr176_2,0.9979305063587808
9384,Inh_Nrk_Kcnmb1_1,0.9989676750806274
1357,Inh_Nrk_Kcnmb1_2,0.940279718602806
2718,Inh_Nrk_Kcnmb1_3,0.9544519215497989
2858,Inh_Nrk_Kctd16,0.9987015170439756
4344,Inh_Nrk_Tox2,0.9983855864445352
3834,Inh_Onecut3_Ccdc192_3,0.9816869356826672
419,Inh_Onecut3_Colq_3,0.7541282401753839
4864,Inh_Onecut3_Crabp1_1,0.950137872539796
3555,Inh_Onecut3_Npb_1,0.9915729531247108
3245,Inh_Onecut3_Piezo2_1,0.9803595616321118
1637,Inh_Onecut3_Tcf24_3,0.989808018807704
5155,Inh_Otx1_Acacb_1,0.9938204913483842
4957,Inh_Otx1_Acacb_2,0.9951991861707036
3161,Inh_Otx1_Cd36_3,0.8749389202260714
3185,Inh_Otx1_Coch_2,0.9865652387065664
4193,Inh_Otx1_Dkk1,0.8447331569036021
1895,Inh_Otx1_Sox14_3,0.9168715059355418
3562,Inh_Otx1_Svs5_1,0.9901788625491011
511,Inh_Otx1_Svs5_2,0.9772557393596784
14962,Inh_Otx2_Gabrr2_1,0.9690775907716276
3136,Inh_Otx2_Gsc2_1,0.745940483595159
3608,Inh_Otx2_Mbnl3,0.9813868394402108
2956,Inh_Otx2_Pla2g5,0.9881901634805504
4031,Inh_Otx2_Prdm16_5,0.7904761235252167
1420,Inh_Otx2_Prdm16_7,0.7069978494688421
4972,Inh_Otx2_Scgn,0.9246541485807114
3202,Inh_Otx2_Tnni3_2,0.9952832954203644
4626,Inh_Pax2_6430628N08Rik_5,0.9998641839513676
2957,Inh_Pax2_A730046J19Rik_2,0.9830677941066024
898,Inh_Pax2_Antxr2_2,0.9847222247433104
1908,Inh_Pax2_Brs3,0.7610567377462089
311,Inh_Pax2_Cd40,0.9843845382045509
824,Inh_Pax2_Cd44_3,0.9466074602746172
4146,Inh_Pax2_Chrdl2_1,0.7586013839403113
4462,Inh_Pax2_Col5a2_1,0.8995465598518079
4141,Inh_Pax2_Col5a2_2,0.9988238978086856
4854,Inh_Pax2_Dcn,0.9745049380409252
1765,Inh_Pax2_Dmrt3_2,0.93524094193318
2958,Inh_Pax2_Erfl_11,0.9873892031948024
520,Inh_Pax2_Erfl_15,0.976896236649045
1653,Inh_Pax2_Gli2_2,0.9905337781788016
4460,Inh_Pax2_Glp1r_2,0.9918814691111936
4888,Inh_Pax2_Has2_1,0.9732923268841
4448,Inh_Pax2_Has2_2,0.9834894057340176
1849,Inh_Pax2_Has2_3,0.9606170686885784
871,Inh_Pax2_Hoxb5_Lrrc52_2,0.956285049128719
24730,Inh_Pax2_Hoxb5_Sycp2l_2,0.99087481223306
506,Inh_Pax2_Hrob_6,0.9838950788152594
4346,Inh_Pax2_Kirrel2_1,0.9902754825891518
4685,Inh_Pax2_Kirrel2_2,0.932683776694744
2469,Inh_Pax2_Krt17_2,0.9955253342903672
4021,Inh_Pax2_Lama4_3,0.997264350397803
3981,Inh_Pax2_Mgarp_Tcim,0.998294408233644
1717,Inh_Pax2_Mmp2,0.9593920408539732
4028,Inh_Pax2_Nkx6-1_Bmp4,0.9956565346825816
4989,Inh_Pax2_Nkx6-1_Npy2r_2,0.7738303376053599
3102,Inh_Pax2_Olfr372_1,0.9931644678632024
746,Inh_Pax2_Olfr372_2,0.9743865211474264
3362,Inh_Pax2_Olfr920_1,0.9960590725268708
4206,Inh_Pax2_Olfr920_3,0.9248901442422864
3132,Inh_Pax2_Pkhd1l1_7,0.995867858339913
700,Inh_Pax2_Ppp1r1c_1,0.8739472109430468
4425,Inh_Pax2_Robo3,0.7353669649855485
4467,Inh_Pax2_Smpdl3b_3,0.9602168735283312
24747,Inh_Pax2_Tarm1_2,0.9926170906035042
5018,Inh_Pax2_Tmem215_1,0.9727229967431748
4714,Inh_Pax2_Tnfaip8l3_4,0.9942835892746664
2659,Inh_Pax3_Chrna5_2,0.971268839766298
3411,Inh_Pax3_Galnt15,0.99714278864149275
2915,Inh_Pax3_Vmn1r207_10,0.9978141315892204
1585,Inh_Pax3_Vmn1r207_11,0.9965739141523172
2929,Inh_Pax3_Vmn1r207_12,0.96708866260220006
59,Inh_Pax3_Vmn1r207_1,0.9812463087483874
2237,Inh_Pax3_Vmn1r207_2,0.98810335565361
2989,Inh_Pax3_Vmn1r207_3,0.9586566937726442
4787,Inh_Pax3_Vmn1r207_4,0.998153620154036
3732,Inh_Pax3_Vmn1r207_6,0.9878060986449918
4743,Inh_Pax3_Vmn1r207_7,0.9985622025800256
882,Inh_Pax5_Asb4_5,0.96511163829834
531,Inh_Pax5_Clic5_1,0.9165922605902632
3863,Inh_Pax5_Erfl_3,0.9982618459616244
3545,Inh_Pax5_Il20ra,0.9738786947391588
3454,Inh_Pax5_Irs4_2,0.978825832206515
1800,Inh_Pax5_Krt25_1,0.9950107852862422
1816,Inh_Pax5_Krt25_2,0.984988000911024
2922,Inh_Pax5_Meox2,0.9921437527310544
3394,Inh_Pax5_Olfr48,0.9786765486677472
3921,Inh_Pax5_Olig3_1,0.9940148422249931
15057,Inh_Pax5_Padi1_1,0.9986415317466584
24557,Inh_Pax5_Padi1_2,0.9996518634774888
4092,Inh_Pax5_Vmn1r196,0.930425874321356
1785,Inh_Pax6_Eya4_3,0.9950467362325416
3586,Inh_Pax6_Pdgfd_1,0.98523107839262
1097,Inh_Pax6_Pdgfd_4,0.9845475404495424
3512,Inh_Pax6_Pou6f2_Pdgfd_5,0.9867348674527534
2048,Inh_Pax7_Chrna2,0.9951033672376752
2484,Inh_Pax7_Egflam_3,0.7184175126594495
2541,Inh_Pax7_Nhlh1,0.998464646869228
2947,Inh_Pax7_P2ry10b_3,0.9991490358801688
3004,Inh_Pax7_P2ry10b_5,0.9635424749964224
2172,Inh_Pax7_Pawr,0.992254771646802
3262,Inh_Pax7_Qrfpr_4,0.9112412436811086
2306,Inh_Pax7_Rxfp3_2,0.998233726931254
177,Inh_Pax7_Slc38a11,0.939239094566638
3480,Inh_Pax7_Tshr,0.9890957048066212
883,Inh_Pax7_Vmn1r207_2,0.9943650326528964
1389,Inh_Pax7_Vmn1r207_3,0.98667909165754
3005,Inh_Pax7_Vmn1r207_6,0.9992394471930296
1313,Inh_Pax7_Vmn1r207_7,0.9934520708470956
4535,Inh_Pax8_Agtr1b_1,0.7874451468307806
1472,Inh_Pax8_Bmp4_2,0.9888980908334792
75,Inh_Pax8_Hhip,0.9882479838430628
570,Inh_Pax8_Krt19,0.6617322418261278
4086,Inh_Pax8_Layn,0.9992193123409152
1981,Inh_Pax8_Ngfr_1,0.9835332335166508
3446,Inh_Pax8_Pdzk1ip1_1,0.9993164995732378
2029,Inh_Pax8_Pkhd1l1_1,0.923349521854714
3858,Inh_Pax8_Pkhd1l1_5,0.9802504531147612
2326,Inh_Pax8_Pkhd1l1_7,0.9687130199164062
24715,Inh_Pax8_Pkhd1l1_9,0.9971639711936304
2932,Inh_Pax8_Sfrp1_9,0.9414181422343942
34311,Inh_Pax8_Slc34a2,0.9973269521124596
958,Inh_Pax8_Vmn1r196,0.9967351609501012
1267,Inh_Pde11a_Atp2c2_1,0.918131715158332
14986,Inh_Pde11a_Pgm5_3,0.899531008883981
1436,Inh_Pde11a_Pgm5_7,0.9682568312611548
3710,Inh_Pou3f1_Gm525,0.8782778688148077
2952,Inh_Pou6f2_Fst,0.9748828763160284
5153,Inh_Pou6f2_Kcnj5,0.9817821903997428
1082,Inh_Ppp1r1b_Drd1_Prima1,0.974790911609601
1989,Inh_Ppp1r1b_Drd1_Zp3r_1,0.9868923049819842
1721,Inh_Ppp1r1b_Drd2_Fos,0.9968896962941228
1010,Inh_Ppp1r1b_Drd2_Fst,0.99671325980143
1057,Inh_Ppp1r1b_Drd2_Pde1a_Myo3b,0.984378084465301
1993,Inh_Ppp1r1b_Drd2_Prima1,0.993258259291139
2099,Inh_Ppp1r1b_Drd2_Sema5d_1,0.982127429099978
842,Inh_Sall3_Chrne,0.9960775919936125
331,Inh_Sall3_Cytip_1,0.9971623985061898
1151,Inh_Sall3_Cytip_2,0.9918683576096572
3470,Inh_Sall3_Ndnf_2,0.9923051453378624
1422,Inh_Sall3_Ndnf_3,0.9517627942546716
3489,Inh_Sall3_Ndnf_5,0.9882485957359772
278,Inh_Sall3_Prss23,0.9378464512262124
948,Inh_Sall3_Trhr_2,0.991060174273508
1589,Inh_Sall3_Trhr_4,0.963867669013706
3154,Inh_Six3_Agtr2,0.9925448366866914
3548,Inh_Six3_Bmp3_Ano1_1,0.997025977088276
3148,Inh_Six3_Cela1_1,0.9725487673987756
3546,Inh_Six3_Cela1_2,0.998081133904761
3150,Inh_Six3_Dio2,0.991628840197619
2325,Inh_Six3_Gchfr_3,0.9665871399556129
1767,Inh_Six3_Ikzf1_1,0.9918406317956728
634,Inh_Six3_Met_4,0.9948985258687424
807,Inh_Six3_Pnliprp2_3,0.7139091332358882
2103,Inh_Six3_Pvalb_Efemp1_1,0.99114432080207715
941,Inh_Six3_Pvalb_Npy_1,0.9880001929079468
3496,Inh_Six3_Smad6_1,0.9983569581457248
3330,Inh_Six3_Sox2_4,0.9974136558623932
3129,Inh_Six3_Sox2_5,0.9957321341107758
2314,Inh_Six3_Sox2_6,0.7412505149375737
1842,Inh_Six3_Sox2_8,0.996365271753924
348,Inh_Six3_Vmn1r209,0.9964176038021872
2809,Inh_Six3_Wdr72_2,0.8821164972037023
1574,Inh_Six6_Grp,0.9494494407618728
2466,Inh_Six6_Vipr2_4,0.9997621766894698
1415,Inh_Six6_Vipr2_5,0.7401590507786454
640,Inh_Six6_Vipr2_6,0.9864835966469464
1072,Inh_Six6_Vipr2_8,0.994006426003938
5039,Inh_Sncg_Calcb_2,0.9985607744405376
713,Inh_Sncg_Calcb_3,0.9990494598054624
2258,Inh_Sncg_Calcb_5,0.9945636103531612
518,Inh_Sncg_Calcb_6,0.8910686499650237
1186,Inh_Sncg_Calcb_7,0.9977873794683322
4148,Inh_Sncg_Edn3,0.9986054222452284
5049,Inh_Sncg_Slc17a8,0.9975656945458842
2963,Inh_Sncg_Sln_Plch2_2,0.9988596270540392
3525,Inh_Sox6_Chrna2,0.9977776018057452
2335,Inh_Sox6_Chrna5_2,0.998645760675022
2877,Inh_Sox6_Postn_2,0.9849005200969349
2805,Inh_Sp8_Abcb5,0.9820168263689218
867,Inh_Sp8_Ctsc_1,0.9559085343643448
3417,Inh_Sp8_Spp1_1,0.9965335513009308
1359,Inh_Sp8_Spp1_3,0.9930256277981556
4451,Inh_Sp8_Tgfbi,0.9937789933751504
3299,Inh_Tbx3_Atf7ip2,0.9982964108014448
1969,Inh_Tbx3_Fli1_2,0.8650680715253595
4976,Inh_Tbx3_Serpina3n_1,0.9504320530418856
3537,Inh_Tfap2a_Cdh1,0.9818130668049948
4840,Inh_Tfap2a_Chrdl2_2,0.9627997839532576
1965,Inh_Tfap2a_Frem2,0.9620838297802624
4009,Inh_Tfap2a_Nxf7,0.9947546249779728
1361,Inh_Tfap2a_Pthlh_3,0.9799669389737916
3382,Inh_Tfap2a_Scrg1_2,0.995439174733392
1272,Inh_Tfap2b_Acsm2,0.9562459727098672
3594,Inh_Tfap2b_Aym1_1,0.9002877134041962
68,Inh_Tfap2b_Cyp26b1_1,0.9719362207048776
24611,Inh_Tfap2b_Postn_2,0.9907314518828808
4364,Inh_Tfap2b_Vip_1,0.982526581627845
5152,Inh_Usp43_Arhgap6,0.9912927907740878
1202,Inh_Vcan_St8sia2_3,0.9942294590301484
962,Inh_Vcan_St8sia2_4,0.99507846215405
3925,Inh_Vcan_St8sia2_5,0.9500577387420626
3179,Inh_Vcan_St8sia2_6,0.9943815218719066
993,Inh_Vip_Glp1r_Egfr,0.9866371724724836
2398,Inh_Vip_Sncg_Yjefn3,0.999267427417238
2455,Inh_Vip_Trim55_3,0.9972138845853484
3807,Inh_Vip_Trim55_6,0.8755219356815022
954,Inh_Vwc2l_Otogl1_2,0.9993265380561422
1894,Inh_Vwc2l_Otogl1_3,0.9988849193932716
5275,Macro_Mrc1_Cd209a,0.9955179981731946
1526,Macro_Mrc1_Ms4a4a,0.941035248893768
14915,Micro_Selplg_Siglech,0.920802938134271
1367,NG_Draxin_12,0.7989604351108754
3306,NG_Draxin_1,0.9340540156669797
14939,NG_Draxin_3,0.97837945563602
3481,NG_Draxin_6,0.9997821615452532
1360,NG_Draxin_8,0.999663353298756
1439,NG_Myoz1_1,0.9859703916272928
14914,NG_Myoz1_3,0.8834935554057519
3695,NG_Myoz1_5,0.9927584132154748
1316,NG_Myoz1_7,0.9677146716415608
2299,Ng_Lhx1_Gcgr,0.9987148036547778
4846,Ng_Lhx1_Mab21l3_2,0.9996458022541058
4637,NorEx_Phox2b_Gfral_1,0.9983312833957456
3142,NorEx_Phox2b_Gfral_2,0.965922915149172
3986,NorEx_Phox2b_Gfral_3,0.8937379208131291
2812,NorEx_Phox2b_Mtnr1a,0.7448803062337955
3936,NorEx_Phox2b_Ndufa4l2_1,0.9966969889428744
3903,NorEx_Phox2b_Pmnt_3,0.9620390039175756
3967,NorEx_Phox2b_Ppara_2,0.9999051347203632
3946,NorEx_Phox2b_Rrad,0.9831218950333666
3884,NorEx_Phox2b_Tmem45a2_1,0.9933107030350316
4252,NorEx_Phox2b_Tmem45a2_2,0.9953668603280644
3970,Nor_Phox2b_Pla2g4d_2,0.9906950282618756
3935,Nor_Phox2b_Prlh,0.9884551105246964
4539,OPC_Cspg5,0.9594793521987506
5230,Oligo_Klk6_1,0.9801799981128916
5215,Oligo_Opalin_Enpp6_2,0.569509473818503
1217,SerEx_Fev_Crhr2_3,0.9313697185585494
3157,SerEx_Fev_Cwh43,0.9995578235973084
3488,SerInh_Fev_Fbxw28,0.9959627389106712
5092,SerInh_Fev_Itgb6_2,0.9948690349646212
2852,Ser_Fev_Oas1e,0.9997759993590728
709,Ser_Fev_Siglec15,0.9995362841191848
1004,Ser_Fev_Wfdc12,0.9971024013019104
2982,Tanycyte_Rax_Fndc3c1_1,0.9995134192222584
4817,Tanycyte_Rax_Fndc3c1_2,0.996486223985802
