AUROC,fntype
0.985782555935808,conserved_one
0.930438101910321,conserved_one
0.935850812083235,conserved_one
0.969844519958504,diverged
0.935384192845067,conserved_one
0.946924405535181,conserved_one
0.976991235609031,conserved_one
0.979891632044537,conserved_one
0.949800320407178,conserved_one
0.969313273603827,conserved_one
0.937646722492465,diverged
0.953486160985642,conserved_one
0.922586172478041,diverged
0.945097813818657,diverged
0.927410577017815,conserved_one
0.947536432676519,conserved_one
0.896957087135094,conserved_one
0.899488887399137,diverged
0.914017954133907,diverged
0.9077576509512,diverged
0.926879992619189,conserved_one
0.944009697491067,conserved_one
0.959357221350397,diverged
0.954676759511036,conserved_both
0.942089254604323,conserved_one
0.940295488629487,diverged
0.938731157167407,conserved_one
0.951823263591297,diverged
0.945188423812823,conserved_one
0.913693811576355,conserved_one
0.939501663190126,diverged
0.983483319881625,conserved_one
0.970187225656185,conserved_one
0.984838133133653,conserved_one
0.955783365496244,diverged
0.930066979116163,conserved_one
0.948566377295458,diverged
0.937747858487304,diverged
0.998756619436096,conserved_one
0.976003744858494,conserved_one
0.993071888412017,conserved_both
0.983224504442209,conserved_one
0.980917944956367,conserved_both
0.991247397836811,conserved_one
0.990700541351772,diverged
0.996007602762,conserved_one
0.994195162311467,diverged
0.994475459409164,diverged
0.994738080204039,conserved_one
0.997764360268387,diverged
0.994653260752951,conserved_both
0.988935418087644,conserved_one
0.984788743194541,diverged
0.985128359754615,diverged
0.996298334138529,conserved_one
0.987264095022497,conserved_one
0.997462433299212,conserved_one
0.837532154113791,diverged
0.838977061961342,diverged
0.808780994742172,conserved_one
0.836405796997399,conserved_both
0.793748151693926,conserved_one
0.955702009876149,conserved_both
0.94195049039056,diverged
0.852492529568593,conserved_one
0.975449716988447,conserved_one
0.995077283576493,conserved_both
0.991564033527298,conserved_one
0.977139483068862,conserved_both
0.99379934124536,diverged
0.986193948538548,conserved_both
0.953078206798802,conserved_one
0.927672297587977,conserved_both
0.931518915451037,conserved_one
0.903344633884098,conserved_one
0.871445879411234,conserved_one
0.886236494015063,conserved_one
0.931840744924857,conserved_one
0.949364613880743,diverged
0.96675169209011,conserved_one
0.991986020727886,conserved_one
0.985195396787341,conserved_one
0.955887543680068,conserved_one
0.954998514047962,conserved_one
0.945846281787543,conserved_both
0.972834621889345,conserved_both
0.98978106225351,conserved_one
0.884852554373307,diverged
0.927389601827372,conserved_one
0.994823019503973,conserved_one
0.998232144661077,conserved_one
0.993739490751862,conserved_one
0.98728025299972,conserved_one
0.993753286240084,conserved_one
0.98504410438212,diverged
0.902714479891261,diverged
0.764838585914892,conserved_both
0.843785754247667,conserved_one
0.859793801734332,conserved_one
0.945453636662239,diverged
0.970035549070136,conserved_one
0.872994803724855,conserved_one
0.990697081628634,diverged
0.999138376701706,conserved_one
0.992163151000497,diverged
0.993542843395048,diverged
0.983633859452979,conserved_both
0.998840649236428,conserved_one
0.998053974917833,conserved_both
0.994952388006618,conserved_one
0.976218000173727,conserved_one
0.996246369789753,conserved_one
0.999762473398418,conserved_both
0.998720004297716,conserved_one
0.969409765458453,conserved_both
0.997054624036301,diverged
0.957720438570304,diverged
0.996245817141292,diverged
0.993031700422504,conserved_both
0.965107008115518,diverged
0.97073764225804,diverged
0.99809583831509,conserved_one
0.89898539772565,conserved_one
0.984460656571492,conserved_one
0.982154191661234,conserved_one
0.972916740071252,diverged
0.939842519133195,diverged
0.97981902823432,conserved_one
0.950401298367426,conserved_both
0.956292498669729,conserved_both
0.988630996274394,conserved_one
0.996991894911249,conserved_one
0.996554066267346,conserved_both
0.956375148397309,conserved_one
0.99677535927622,diverged
0.982210958779167,diverged
0.98533212814391,conserved_one
0.979710935583253,conserved_one
0.948649195005435,conserved_both
0.985544590506924,conserved_one
0.993072105418656,conserved_one
0.990321653007197,diverged
0.979307051761365,conserved_one
0.960777849514883,conserved_both
0.999884017834301,conserved_one
0.976188395605726,conserved_one
0.984748304912264,conserved_both
0.986055845520473,conserved_both
0.988909642628448,diverged
0.981063108969827,conserved_one
0.99091295106015,conserved_one
0.969791291931418,diverged
0.974950109144906,conserved_one
0.989272821653286,diverged
0.988333995752674,diverged
0.981417282327162,diverged
0.984511651855355,conserved_one
0.981361993359519,diverged
0.991490151961405,diverged
0.984472080436142,conserved_one
0.996728270898414,conserved_one
0.994232673945796,conserved_one
0.995922776149969,diverged
0.984965329380608,conserved_one
0.996036257080182,diverged
0.993142848811712,conserved_both
0.997181256355887,conserved_one
0.993170349634066,conserved_one
0.992168160542992,conserved_one
0.993240319960001,conserved_both
0.990466424140173,conserved_one
0.991284889874992,conserved_one
0.993331989788464,conserved_both
0.992588698162965,conserved_one
0.995903750711963,conserved_both
0.997241138098022,conserved_one
0.993605114789585,conserved_both
0.994470491995826,diverged
0.995061973861568,diverged
0.999209741534909,diverged
0.992237774949861,diverged
0.99100776641246,conserved_one
0.991584249541021,conserved_one
0.984484223532425,conserved_one
0.994428063505789,conserved_both
0.99020329010503,conserved_one
0.98537333186785,conserved_one
0.972774541316717,conserved_both
0.980303715246001,conserved_one
0.984651278045722,conserved_both
0.981887587965347,conserved_one
0.930609483015476,conserved_both
0.854861236819737,conserved_one
0.832261336675953,conserved_one
0.929511801449172,conserved_both
0.956766815717497,conserved_both
0.990367700346086,conserved_both
0.994796539638455,diverged
0.995645490593767,conserved_one
0.983498361501316,conserved_one
0.997874174210589,conserved_both
0.974301457160079,conserved_one
0.981235710374516,conserved_one
0.988962268659154,diverged
0.999532921827043,conserved_both
0.978330316260249,conserved_one
0.978058301002297,conserved_one
0.787680834788545,diverged
0.999034216305408,conserved_both
0.999538885471166,conserved_both
0.995675665392006,conserved_one
0.944128233122082,conserved_one
0.997200083093914,diverged
0.680705611694242,diverged
1,conserved_one
0.999933387994361,conserved_one
0.999994597631602,diverged
0.987295809648832,conserved_both
0.976689976689976,diverged
0.997792842918288,diverged
0.99607640868147,conserved_one
0.999668855102511,diverged
0.99766587501319,diverged
0.893973792814895,conserved_one
1,diverged
0.998617829993089,conserved_one
0.912407000171922,diverged
0.859400694608948,diverged
0.945232620251739,diverged
0.932460831902314,conserved_one
0.816718929415209,diverged
0.848896000153757,diverged
0.803783454217436,diverged
0.926301647250032,conserved_one
0.919251854801847,conserved_one
0.91600383865817,conserved_one
0.950962918591057,conserved_one
0.83933497582918,diverged
0.776750309891171,diverged
0.756315240228075,diverged
0.781052318603092,diverged
0.748055893345502,diverged
0.948735429109135,conserved_one
0.932952020268913,conserved_one
0.936932987588695,diverged
0.948900828406839,diverged
0.938650317659226,diverged
0.816322915807125,diverged
0.87167120032608,conserved_one
0.921090068516785,diverged
0.896294239434904,diverged
0.914969094919116,diverged
0.899443183379314,diverged
0.894939142966282,diverged
0.923320571773742,conserved_one
0.918948683788809,conserved_both
0.88277771043123,conserved_both
0.860743626822896,conserved_one
0.892270815878085,conserved_one
0.879186214673999,conserved_one
0.903079982193578,diverged
0.864967551143612,diverged
0.841524861031897,conserved_one
0.862118948949201,diverged
0.893276838482318,diverged
0.939187346478684,conserved_one
0.883066731809683,diverged
0.906328849540066,conserved_one
0.88466968052031,conserved_one
0.895078326476044,diverged
0.885758370016914,conserved_one
0.878702888124018,diverged
0.951200483213369,conserved_one
0.880071922620242,conserved_one
0.903352899829703,conserved_one
0.778457077326818,diverged
0.775216808778605,diverged
0.819909549609132,conserved_both
0.814098743283671,diverged
0.763981367781941,conserved_both
0.835018875785634,conserved_one
0.817798252530469,conserved_one
0.954017561676219,diverged
0.883641346412072,diverged
0.861492830327871,conserved_one
0.878749756014249,diverged
0.818219328519196,diverged
0.774838139286899,conserved_one
0.919687950937951,conserved_one
0.818866445692357,conserved_one
0.86199068107465,diverged
0.916163742493878,conserved_one
0.764485072789732,diverged
0.862304255196721,conserved_both
0.830335010234658,diverged
0.781008911479798,diverged
0.921788386312276,conserved_one
0.875761919042952,conserved_one
0.918203048005574,diverged
0.938267303871033,conserved_one
0.936716454730987,diverged
0.89514498955267,conserved_one
0.950038694580735,conserved_one
0.938867393666942,conserved_one
0.927804910340486,conserved_both
0.89949877836132,diverged
0.913900729387239,diverged
0.88381675229744,conserved_both
0.961769846561624,conserved_one
0.929521054436665,diverged
0.941844774605713,conserved_both
0.896861466653078,diverged
0.911356157072099,conserved_one
0.894737571515623,diverged
0.938152692648226,diverged
0.893530782239836,diverged
0.82375500791334,conserved_one
0.933050090088363,diverged
0.857243105970432,conserved_one
0.878051139102834,conserved_both
0.891111522084761,diverged
0.798804737297654,conserved_both
0.824312983408064,conserved_both
0.805405603899679,diverged
0.797042911585004,conserved_one
0.822526484349937,diverged
0.839629069483859,conserved_both
0.804223631900302,conserved_both
0.930568324162305,diverged
0.921772285891947,diverged
0.890836078658767,diverged
0.845259060083138,diverged
0.765034935671336,conserved_both
0.847922909540674,diverged
0.823368817658237,diverged
0.840689140672355,diverged
0.928564909757694,diverged
0.915042990361432,diverged
0.93596402563534,conserved_one
0.897229028318449,conserved_both
0.920203629776242,diverged
0.915418200373823,conserved_one
0.934285210862362,conserved_one
0.957609899928036,conserved_one
0.940054015063828,conserved_one
0.93727779787964,conserved_one
0.959112862498778,diverged
0.773706961643009,diverged
0.802228571233866,conserved_both
0.800947776926902,diverged
0.863317331016832,conserved_both
0.785242767372621,diverged
0.798879908110606,diverged
0.937636404123467,conserved_one
0.882913717515106,conserved_one
0.935436076213958,conserved_one
0.953872668778205,conserved_one
0.977229790065882,conserved_one
0.979584854561766,conserved_one
0.961114436707416,conserved_one
0.916700027603441,conserved_one
0.872973326355447,diverged
0.91859954625805,conserved_one
0.937010650722629,conserved_one
0.92239933974505794,conserved_one
0.893073186976288,conserved_one
0.885732323232323,conserved_one
0.923120053388201,diverged
0.878789052321197,diverged
0.861253775928039,diverged
0.910354893180328,conserved_one
0.915239847700707,conserved_one
0.858131133336758,diverged
0.913031214099808,diverged
0.908032841417685,diverged
0.902643604451921,diverged
0.902407974267753,diverged
0.974621690234536,diverged
0.98398247709828,conserved_one
0.983547186291228,diverged
0.974851909876528,conserved_both
0.925664671317245,conserved_one
0.961555411079968,conserved_one
0.992949136152059,conserved_both
0.963406037947426,diverged
0.946828809309307,diverged
0.950270849759213,conserved_both
0.966889877807632,conserved_both
0.975769853280224,diverged
0.98370976023308,diverged
0.988189775833318,conserved_one
0.973057603318191,conserved_one
0.842462227097413,conserved_one
0.971932103658707,conserved_one
0.98050190135788,conserved_both
0.912689164882857,diverged
0.979594992934705,diverged
0.96214826801641,diverged
0.967707536210559,diverged
0.890441353847374,diverged
0.947164351698473,diverged
0.940788830133282,conserved_one
0.9141001543209,diverged
0.888712463043668,diverged
0.955409736335142,diverged
0.866445803003829,conserved_one
0.937199272408963,diverged
0.975541105913371,conserved_one
0.966803319297342,conserved_one
0.838087818850189,diverged
0.98661564870742,conserved_both
0.941137406560273,conserved_both
0.904818686568931,conserved_one
0.961105207349373,conserved_one
0.886103259685889,diverged
0.879599934710644,diverged
0.981639758272194,conserved_both
0.959592367337738,conserved_one
0.98412128651025,conserved_both
0.910733262136296,conserved_one
0.902781090486622,diverged
0.975568948472876,conserved_one
0.88102910086372,conserved_both
0.864776695317486,diverged
0.940302907492653,conserved_one
0.938499113317983,conserved_one
0.914683058190087,diverged
0.993377309311362,conserved_one
0.880584807807031,conserved_both
0.785044534186109,diverged
0.863398633563097,diverged
0.927456278539675,diverged
0.857773465807288,diverged
0.874614049090286,diverged
0.898008257958577,diverged
0.837206971605811,diverged
0.831405336641546,conserved_one
0.860512260566805,conserved_one
0.884992826596115,conserved_one
0.842811884807195,conserved_one
0.984866643354984,conserved_one
0.819749070156594,diverged
0.794995822473619,conserved_one
0.846282123398114,diverged
0.786413098254626,conserved_one
0.901019942227129,conserved_one
0.948219540647408,conserved_one
0.886120081447767,conserved_one
0.888643338431214,conserved_both
0.85685819353488,conserved_both
0.90461733997968,diverged
0.930742706386267,conserved_one
0.874575098675667,diverged
0.893416868559674,diverged
0.974093211235319,conserved_both
0.939634615651788,diverged
0.939483470285506,conserved_both
0.984610226707823,diverged
0.992196083735641,conserved_both
0.950174426356328,diverged
0.953167287503542,diverged
0.941699441074799,conserved_both
0.928911096117878,diverged
0.942219856047349,conserved_one
0.989217676122859,conserved_both
0.968790212801794,diverged
0.992406318400283,diverged
0.974658948710201,conserved_both
0.996686383012756,diverged
0.862910118783107,diverged
0.990462586168888,conserved_both
0.986452869083759,conserved_one
0.993260350207058,conserved_one
0.987927380670796,diverged
0.903792514931182,diverged
0.965260210993116,conserved_one
0.934298185077431,conserved_one
0.976313289727259,diverged
0.980916632651712,diverged
0.970441024929072,conserved_one
0.974497071268761,conserved_one
0.980830890315084,conserved_one
0.959394899705855,conserved_one
0.977545313692078,conserved_one
0.979157187168443,conserved_one
0.976051701674037,diverged
0.959818050682922,conserved_one
0.880224642948048,diverged
0.913662390501364,diverged
0.952183096450228,conserved_one
0.874680391218035,conserved_one
0.972419169846942,conserved_one
0.910521272675913,diverged
0.955184500493099,diverged
0.995849006958769,diverged
0.995132840125057,conserved_both
0.840439245368071,conserved_both
0.978034721820547,conserved_both
0.964956415439725,diverged
0.968404427363687,diverged
0.964723144034129,conserved_one
0.961967659648061,diverged
0.959311007945012,diverged
0.745184142969985,conserved_one
0.973897526541549,conserved_one
0.964030158958843,conserved_one
0.990483301155713,conserved_one
0.962364743323648,conserved_one
0.97464608249939,conserved_one
0.972456053478584,conserved_one
0.985655600828268,diverged
0.926946205103202,conserved_one
0.973206854345166,diverged
0.961940255554276,conserved_one
0.983327237259205,conserved_one
0.991855921855922,conserved_one
0.981024390243902,conserved_one
0.998293931269802,conserved_one
0.983210584047816,conserved_one
0.944076620547209,conserved_one
0.955206198236931,conserved_one
0.947107414926708,conserved_one
0.93740924434722,diverged
0.987533528407706,conserved_one
0.996065594691169,conserved_both
0.991850958554277,diverged
0.997419520519575,diverged
0.99432027407349,conserved_both
0.743003663003663,diverged
0.924358744796096,conserved_one
0.968992683997986,conserved_both
0.992812427544633,conserved_one
0.95278728606357,diverged
0.995734828174507,diverged
0.966617933723197,conserved_one
0.835301273287654,diverged
0.99320293398533,diverged
0.801211982484719,conserved_one
0.989313823084544,conserved_one
0.844845404315852,conserved_one
0.977497376459223,diverged
0.984071471818271,conserved_both
0.96147452800158,conserved_one
0.90413926783442,diverged
0.992879412876255,conserved_both
0.82389041415032,conserved_one
0.97424883923453,diverged
0.924697629914159,conserved_one
0.959255209992673,conserved_both
0.907975608531656,diverged
0.977162779217574,diverged
0.983530248689503,conserved_one
0.992067293171443,diverged
0.917526129726407,conserved_one
0.939737520225325,diverged
0.977549074528823,diverged
0.997375200976309,diverged
0.806709404704093,diverged
0.856319886827127,diverged
0.871272206136118,conserved_one
0.921106958704963,conserved_both
0.874135401951208,diverged
0.990472546393725,conserved_both
0.916974447874268,diverged
0.936717946760959,conserved_one
0.987100556542891,conserved_one
0.936591971740269,conserved_one
0.935391250251939,conserved_one
0.981117436593095,conserved_both
0.974625750303187,conserved_both
0.956301337625497,diverged
0.971832918463431,conserved_one
0.974185723480442,conserved_one
0.995915477242749,conserved_both
0.994639657403117,conserved_both
0.990501822984425,conserved_both
0.987131665101606,diverged
0.980711113390637,diverged
0.9923044713197,diverged
0.993890561114421,diverged
0.991261785840418,conserved_both
0.992588055524697,conserved_both
0.995866196207825,conserved_one
0.995798538866628,diverged
0.972100011501716,diverged
0.998273144539747,conserved_one
0.990857371287477,conserved_one
0.99079652113699,conserved_one
0.994238450032523,conserved_both
0.990059810254842,conserved_one
0.989837437653055,conserved_both
0.985740797639793,conserved_both
0.987479134125654,conserved_both
0.988581018584432,conserved_one
0.995844722209768,conserved_one
0.986780388882871,diverged
0.98361116665476,conserved_one
0.988470939617983,diverged
0.990454881983414,diverged
0.989803433307844,conserved_one
0.98108764044821,conserved_one
0.975817730972999,conserved_one
0.992317666526102,diverged
0.995340512731078,conserved_both
0.984776543084412,conserved_one
0.989162325368536,diverged
0.99156233033468,conserved_one
0.988957840585253,conserved_one
0.976672214471247,conserved_one
0.991141399969762,conserved_one
0.987084370880167,conserved_both
0.974300841017251,conserved_one
0.986382461700225,conserved_one
0.987261964488167,conserved_one
0.990085739142351,conserved_one
0.974350203816738,conserved_one
0.994987041682587,conserved_both
0.98153327461899,conserved_one
0.943612272486752,diverged
0.976847176645058,diverged
0.99011617018594,diverged
0.943428296507856,diverged
0.94325329540174,conserved_one
0.94456727572961,conserved_one
0.958020168118781,diverged
0.952299990449251,conserved_one
0.953538296898015,diverged
0.951849181612169,diverged
0.952848078822031,diverged
0.971132659744423,diverged
0.963472911375905,diverged
0.976266095912629,conserved_both
0.954367434153443,conserved_one
0.964616449531071,conserved_one
0.941934341687743,conserved_one
0.951557403826337,diverged
0.95541681822019,diverged
0.948595039593862,diverged
0.989993393668104,conserved_both
0.992595101071804,diverged
0.994889131582952,conserved_both
0.995392721625558,conserved_both
0.990869430763903,diverged
0.997462903886002,conserved_both
0.994145396141797,conserved_both
0.995994790940361,diverged
0.995486322458458,conserved_both
0.993813032309007,diverged
0.992646261466627,diverged
0.990882538814309,diverged
0.98952356165716,diverged
0.989698451743386,diverged
0.989632053390189,diverged
0.980381650278536,conserved_one
0.974069405966111,conserved_one
0.984886781653922,conserved_one
0.990162793815486,conserved_one
0.983680930818173,conserved_one
0.979548192632316,conserved_both
0.992357297086184,conserved_both
0.978420939484915,conserved_both
0.976587147204567,diverged
0.982101244772305,conserved_one
0.948635489474938,conserved_both
0.872303325885722,conserved_one
0.932573261863043,conserved_both
0.986777508398811,conserved_one
0.999518339415747,conserved_both
0.992843658580044,conserved_one
0.969179160370246,diverged
0.970254598702899,diverged
0.930205451335278,diverged
0.987125404219779,diverged
0.982564546459511,conserved_one
0.97622420337136,conserved_one
0.985293092798868,diverged
0.903206857786468,conserved_one
0.950783780951999,conserved_one
0.997091287469494,conserved_one
0.926985368136038,conserved_one
0.939897658033979,conserved_one
0.999335854976028,conserved_one
0.980155316969173,conserved_both
0.950970463463288,diverged
0.972226722342477,conserved_one
0.981673760472056,conserved_one
0.99707472558465,conserved_one
0.995407375450368,conserved_both
0.989535629204219,diverged
0.988636312308605,diverged
0.981875135269267,conserved_one
0.992716446228466,conserved_one
0.989705169701507,conserved_one
0.98912743090672,conserved_both
0.98967991814438006,conserved_both
0.987289443430927,diverged
0.994642631065973,diverged
0.981026267568564,conserved_one
0.994735973361335,diverged
0.976791793412292,conserved_one
0.987228105448039,conserved_one
0.98805409781167,conserved_both
0.986799412430887,conserved_one
0.982220043272595,conserved_both
0.978001898192235,conserved_both
0.976686855813518,diverged
0.982490934719591,diverged
0.98839704112007,conserved_one
0.986172352529628,diverged
0.981768868572491,conserved_one
0.980320113820904,diverged
0.983597181544497,conserved_both
0.984190867957357,conserved_one
0.976540509407646,conserved_one
0.967596090468256,conserved_one
0.988387513946648,diverged
0.994443417390002,diverged
0.970572592452896,conserved_one
0.974520907364085,diverged
0.975160073806927,conserved_one
0.982786854284192,conserved_one
0.979451355617527,conserved_one
0.988419975905768,conserved_one
0.988006803423142,conserved_both
0.969408375933816,conserved_one
0.982396951592132,conserved_one
0.985341828860587,conserved_one
0.988956592189764,conserved_one
0.968212173685888,conserved_one
0.996474772979835,conserved_both
0.978703305199338,conserved_one
0.936799722365095,conserved_one
0.974940009425975,conserved_both
0.98009483283122,diverged
0.946133705841191,diverged
0.941201337164514,conserved_one
0.952153163797508,conserved_one
0.956623214204432,conserved_one
0.961260891543932,conserved_one
0.925500955495518,diverged
0.901814125412618,conserved_one
0.916459073016394,diverged
0.946704173758016,diverged
0.935273057524199,conserved_both
0.954852215582155,conserved_both
0.908907454032325,conserved_both
0.944144849937034,conserved_one
0.907704411606151,conserved_one
0.937694593238887,diverged
0.942196597789724,conserved_one
0.922712099886878,diverged
0.977867037390922,conserved_both
0.991232498924741,conserved_both
0.992684839176589,conserved_both
0.991983834054603,conserved_both
0.986411087814472,conserved_both
0.981599216562384,conserved_both
0.976748427049921,conserved_both
0.989645879165587,diverged
0.972797875549199,conserved_both
0.979064258714879,diverged
0.981417537632326,diverged
0.987807081566968,conserved_both
0.981630239590757,diverged
0.974929035161518,diverged
0.978609911704362,diverged
0.96102724844277,conserved_one
0.981341988652106,conserved_one
0.961016865551222,conserved_one
0.988769794639748,conserved_one
0.940817883145294,conserved_one
0.953414764574642,conserved_both
0.995484390831268,conserved_both
0.979552543224686,conserved_both
0.986531198311768,conserved_one
0.956080995603909,conserved_both
0.860372961936606,conserved_one
0.901311173115462,conserved_both
0.989881551299966,conserved_one
0.999187068843854,conserved_both
0.993386266196891,conserved_one
0.9694177956481,conserved_one
0.980863996451881,diverged
0.959707728193161,diverged
0.988418667910917,conserved_one
0.973151524879388,conserved_one
0.975874802919285,conserved_one
0.960467446898735,conserved_one
0.923856399728104,diverged
0.996163742367207,conserved_one
0.93805333628656,conserved_one
0.964875001542574,conserved_one
0.991824141773389,diverged
0.976327473263053,conserved_both
0.966929765246588,diverged
0.974468676987223,conserved_one
0.979817540554373,conserved_one
0.996839985638659,diverged
0.993453814808687,conserved_both
0.991090869965404,conserved_both
0.985570572591951,diverged
0.990304492753378,conserved_one
0.996062445216957,conserved_one
0.99507375240155,diverged
0.992193851334626,conserved_one
0.992829304561718,conserved_both
0.993061730296801,conserved_one
0.993062138745902,diverged
0.987762707935429,conserved_one
0.996528190150121,diverged
0.982965314140985,conserved_both
0.992457093637301,conserved_one
0.992454501979091,conserved_both
0.988122935088064,conserved_one
0.991502941937294,conserved_both
0.985873667764925,conserved_both
0.980275166553162,conserved_both
0.986531448800114,diverged
0.993150361589523,conserved_one
0.988079348377207,diverged
0.985757154890197,conserved_one
0.993238887149489,conserved_both
0.993786029331225,conserved_both
0.987960840793969,diverged
0.98520319583093,conserved_one
0.974977424458875,diverged
0.99205994520436,conserved_one
0.999016581689327,diverged
0.981856511223746,conserved_one
0.985189190397423,diverged
0.988924671950375,conserved_one
0.990055005188171,conserved_one
0.98299913661055,conserved_one
0.993724529854755,conserved_one
0.981986182199154,diverged
0.972031606188518,conserved_one
0.985084442470376,conserved_one
0.984408556059071,conserved_one
0.995040743977147,conserved_one
0.974326050050379,conserved_one
0.993843504122054,conserved_both
0.986873093583702,conserved_one
0.902117434403487,diverged
0.973927797661701,conserved_both
0.987304159780496,diverged
0.930046690221552,diverged
0.931028734959523,conserved_one
0.932047326588816,diverged
0.949011566932421,conserved_one
0.953304499534815,conserved_one
0.93641305869642,conserved_one
0.94134851972139,conserved_one
0.925838976632206,diverged
0.940205212617323,diverged
0.941316188601383,conserved_both
0.961837389067926,conserved_both
0.926626861579128,conserved_one
0.929146291064787,conserved_one
0.925703078877603,conserved_one
0.926370811464168,conserved_one
0.921197849751072,conserved_one
0.906847491338181,diverged
0.969074155443762,conserved_both
0.990261187270689,conserved_both
0.993195241484702,conserved_both
0.989835047360131,conserved_both
0.97736572047878,diverged
0.98995132283481,conserved_both
0.990446992095299,conserved_both
0.987319817240807,diverged
0.994628298982026,conserved_both
0.988878704930534,diverged
0.988376473292591,diverged
0.982072227038858,conserved_one
0.978166173990296,conserved_one
0.979450406236791,diverged
0.980519008951754,diverged
0.99152927314532,conserved_one
0.992014813666674,conserved_one
0.993742342126988,conserved_one
0.990754844147135,conserved_one
0.974544377848717,conserved_one
0.966132446351265,conserved_both
0.996001692326725,conserved_both
0.974746601159828,conserved_one
0.939438285499421,conserved_one
0.922105640178718,conserved_one
0.975926406533989,conserved_both
0.975810071091201,conserved_both
0.999611152436207,conserved_both
0.994433311396125,conserved_one
0.964138300581652,conserved_one
0.951821886120314,diverged
0.963746404754632,diverged
0.993504528904509,diverged
0.977295744008011,conserved_one
0.960574284436798,conserved_one
0.964752032217985,conserved_one
0.958888331136888,conserved_both
0.996491696287617,conserved_one
0.94449378892931,conserved_one
0.947980300502192,conserved_one
0.989322815609765,diverged
0.982370392180481,conserved_both
0.96324261483781,diverged
0.983782567739895,conserved_one
0.983015834853377,conserved_one
0.997201910475408,conserved_both
0.995265744107422,conserved_both
0.985686201932747,conserved_one
0.982423291277587,diverged
0.979879743012235,diverged
0.994633166577381,conserved_one
0.992023956024398,diverged
0.993904208998549,conserved_both
0.994405094453012,conserved_both
0.9830953440146,diverged
0.987325487959132,conserved_one
0.965268461991593,diverged
0.996331812231586,diverged
0.984542271478208,diverged
0.98739794650523,conserved_both
0.987035972347379,conserved_one
0.986721835175215,conserved_both
0.987779364642193,conserved_one
0.978271585696338,conserved_both
0.985576165837351,conserved_both
0.985129923616356,conserved_both
0.987194792528399,diverged
0.992933753111028,conserved_one
0.988133168931176,diverged
0.984971372463836,conserved_one
0.9898723063528,conserved_one
0.989149475098332,conserved_both
0.984238048342579,conserved_one
0.983434929577413,conserved_one
0.973408184333045,conserved_one
0.992006421307039,conserved_one
0.994776517484889,conserved_both
0.977363692526332,conserved_one
0.984988979388443,diverged
0.974443604702797,conserved_one
0.9876741439148,conserved_one
0.974955030090789,conserved_one
0.990668907829294,conserved_one
0.981798147637897,conserved_both
0.967564859071462,conserved_one
0.980272578946062,conserved_one
0.986885746636874,conserved_one
0.99288136012097294,conserved_one
0.96322790929664,conserved_one
0.995834353360936,conserved_both
0.976310932800365,conserved_one
0.90009641346865,conserved_both
0.974528014298465,conserved_both
0.897530102770505,conserved_one
0.931829632740402,conserved_one
0.924142218391389,conserved_one
0.92708695768541,diverged
0.929539643295994,diverged
0.924413239729036,diverged
0.901218497777897,conserved_one
0.914308324490754,diverged
0.901066222600164,conserved_one
0.922461980040707,conserved_both
0.961183848006667,conserved_both
0.92683127162011,conserved_both
0.907960938327547,conserved_one
0.909517164816776,conserved_one
0.917824368205802,conserved_one
0.888529574029755,diverged
0.867898592338455,conserved_one
0.992032273646592,conserved_one
0.992118728933269,diverged
0.989596958014543,diverged
0.992147472973954,conserved_both
0.975247283644614,diverged
0.989629764826954,conserved_both
0.987992696470973,conserved_both
0.986227176320244,conserved_both
0.990301146931756,conserved_both
0.980532589386093,conserved_both
0.97828468140711,conserved_both
0.981601201558991,conserved_one
0.979625728108203,diverged
0.979855363577393,diverged
0.987015603826995,diverged
0.990919274688953,conserved_one
0.993873622452695,conserved_one
0.992362125281002,conserved_one
0.994392336277883,conserved_one
0.97420294425682,conserved_one
0.984863242445533,conserved_both
0.994187271986811,conserved_both
0.984737604522579,conserved_both
0.963359314889773,conserved_both
0.923876476906591,conserved_one
0.966326826444154,conserved_both
0.990179635459026,conserved_one
0.999811136173903,conserved_both
0.993329438772279,conserved_one
0.980495347445074,diverged
0.957053563389336,conserved_one
0.977098306097958,diverged
0.994666078820553,conserved_one
0.983939109261269,conserved_one
0.98862344968465,conserved_one
0.979891349881546,conserved_one
0.984966333792477,diverged
0.829662314076459,conserved_one
0.748630018391214,conserved_one
0.860225215542319,conserved_one
0.608846561130676,conserved_one
0.926323728946991,diverged
0.896225940144683,diverged
0.920881560684519,diverged
0.816675648768594,diverged
0.864041170807938,conserved_one
0.721430432516383,diverged
0.60659302047057,diverged
0.558876370136155,conserved_one
0.546059190106986,diverged
0.610261305097622,conserved_one
0.556514108427412,diverged
0.597435444226158,diverged
0.603911251675165,diverged
0.542758152964385,conserved_one
0.62548401797387,conserved_one
0.572568803038711,conserved_one
0.637039449984344,conserved_one
0.607274977779241,conserved_one
0.594852086338997,diverged
0.586492451130899,conserved_one
0.745361748245585,conserved_one
0.647260750418175,conserved_one
0.748676119901032,conserved_one
0.722908107756296,diverged
0.673848675386311,diverged
0.712440744652628,conserved_one
0.587939666102061,diverged
0.770593572662541,conserved_one
0.781730960959708,conserved_one
0.678417047314513,conserved_one
0.857242026074297,conserved_one
0.634527921560006,conserved_one
0.616711605648328,diverged
0.698935523023248,conserved_one
0.598791358454014,conserved_one
0.743503360724064,conserved_one
0.847213008525926,diverged
0.810111456876647,diverged
0.648098037283942,conserved_one
0.631206911740235,conserved_one
0.707452198090333,diverged
0.710429549104475,conserved_one
0.686824530808755,diverged
0.62736245542537,conserved_both
0.649230877494042,conserved_one
0.757887065201261,conserved_one
0.62276681164269,conserved_one
0.607175656538747,diverged
0.656207397121939,conserved_one
0.629709556406389,conserved_one
0.687844853003116,diverged
0.887474995044063,diverged
0.643917925683952,diverged
0.661562125861668,diverged
0.662631235971327,conserved_both
0.66305864780975,diverged
0.723295730817854,diverged
0.817736623281629,diverged
0.723364698480333,diverged
0.641528922955509,diverged
0.703341613686441,conserved_both
0.681898306036237,diverged
0.769025358309535,conserved_one
0.687166064007771,diverged
0.608100159484596,conserved_one
0.695382868676675,diverged
0.743450394982744,conserved_one
0.662641587461799,diverged
0.682237445502637,diverged
0.618984304670575,conserved_one
0.625841113634452,conserved_one
0.685333180673231,conserved_one
0.720541281455782,diverged
0.864266663745844,conserved_one
0.736939893209545,diverged
0.764823836775959,diverged
0.772928715111894,diverged
0.823435588433702,diverged
0.618080658117451,diverged
0.82265162533898,conserved_one
0.748660525787185,conserved_one
0.845145875251509,diverged
0.931917211328976,conserved_one
0.944617693579696,conserved_one
0.89287622579834,diverged
0.989572864321608,diverged
0.886773882816099,diverged
0.846318439269981,conserved_one
0.98557362924824,conserved_one
0.718125367430923,diverged
0.73307372441067,diverged
0.912606761871006,conserved_one
0.995383165829145,conserved_one
0.999591708542714,conserved_both
0.940591364074214,conserved_one
0.694713361859379,conserved_one
0.924961471806957,diverged
0.936690658788031,diverged
0.781443219373892,diverged
0.766298615210428,diverged
0.949136919725155,diverged
0.84139316270041,diverged
0.734398120264413,conserved_one
0.977662732604446,conserved_one
0.908364418737863,diverged
0.822761885035847,conserved_one
0.929720750650983,conserved_one
0.824517317921011,diverged
0.999811581459616,diverged
0.980391745951912,diverged
0.945923878909685,conserved_one
0.773113044299018,diverged
0.923718512930132,diverged
0.788018090222121,diverged
0.906422999496729,conserved_one
0.745564735195489,conserved_one
0.64848208966387,conserved_one
0.68683153876625,diverged
0.994998114867413,conserved_one
0.986714824120603,diverged
0.893120496061673,diverged
0.900073862207694,diverged
0.642376996743176,diverged
0.784877467986314,conserved_one
0.71037779398286,diverged
0.998178620776284,diverged
0.988128140703518,conserved_one
0.889454713106165,diverged
0.831866934808111,conserved_one
0.788676308322825,diverged
0.822021712560213,conserved_one
0.963655129391314,diverged
0.713764615276902,diverged
0.795550229146554,diverged
0.660514274403875,diverged
0.708086527251209,conserved_both
0.783200512228307,diverged
0.662291141235813,conserved_one
0.849485944352578,diverged
0.991708542713568,conserved_one
0.956363179074446,conserved_one
0.739993410538827,diverged
0.82455557924938,diverged
0.740618422681689,diverged
0.712944749266301,diverged
0.672553133775849,conserved_both
0.716453363263605,conserved_one
0.794389973569784,conserved_one
0.801801604027631,diverged
0.840144198836313,diverged
0.764976277200575,diverged
0.627187902187902,diverged
0.777907805880626,conserved_one
0.786380480365273,conserved_both
0.931755730847654,conserved_one
0.951310351662827,conserved_one
0.863232866707286,diverged
0.806253822476165,conserved_one
0.878086049249514,conserved_one
0.809058136695598,conserved_one
0.742085014646451,diverged
0.872391311348307,conserved_one
0.939253740505368,diverged
0.874639988707212,conserved_one
0.884802393612278,conserved_both
0.882237362998508,conserved_one
0.890938512306698,conserved_one
0.884849702507104,conserved_one
0.848274375486556,diverged
0.723816284432244,conserved_both
0.855644112242956,diverged
0.941948344517355,diverged
0.77583807060126,conserved_one
0.800583836800156,conserved_one
0.800050427422184,conserved_one
0.749235950213955,conserved_one
0.845589805328319,conserved_one
0.931372406410889,diverged
0.796093369264445,conserved_one
